Терморегулятор АПОК-1,Терморегулятор АПОК-1,,"
	Терморегулятор АПОК-1 для газовх котлов КСТ
",r,250,,,,,,UAH,,,,шт,,,,http://remza.com.ua/image/cache/import_files/56/56e21ccc-7377-11e2-768a-0007e96babaa_56e21cea-7377-11e2-768a-0007e96babaa-1280x1024.jpeg,+,,,,,,,,,,http://remza.com.ua/zapchasti_dlja_gazovykh_kotlov_kolonok/termostat_dlya_kotlov/termoregul_apok_1,Терморегулятор АПОК-1,,,9352
Терморегулято КАРЕ,Терморегулятор КАРЕ,,"
	Терморегулятор для газовой автоматики КАРЕ, Польша
",r,1300,,,,,,UAH,,,,шт,,,,"http://remza.com.ua/image/cache/import_files/b3/b347804a-7d01-11e2-768a-0007e96babaa_b3478068-7d01-11e2-768a-0007e96babaa-1280x1024.jpeg, http://remza.com.ua/image/cache/import_files/b3/b347804a-7d01-11e2-768a-0007e96babaa_b347807c-7d01-11e2-768a-0007e96babaa-1280x1024.jpeg",+,,,,,,,,,,http://remza.com.ua/zapchasti_dlja_gazovykh_kotlov_kolonok/termostat_dlya_kotlov/termoregul_kare,Терморегулято КАРЕ,,,9352
термАПОК,Терморегулятор АПОК-1,,"
	Терморегулятор АПОК-1 для газовх котлов КСТ с двумя крышками, подключение с одной стороны резьба внутренняя, с другой внешняя.
",r,350,,,,,,UAH,,,,шт,,,,http://remza.com.ua/image/cache/import_files/bb/bb6c81d2-8379-11e4-f89b-0007e96babaa_bb6c81fa-8379-11e4-f89b-0007e96babaa-1280x1024.jpeg,+,,,,,,,,,,http://remza.com.ua/zapchasti_dlja_gazovykh_kotlov_kolonok/termostat_dlya_kotlov/term_apok,термАПОК,,,9352
4061713СА,Термостат предельный 4061713СА,,"
	Термостат предельный (ручной сброс) для газовых котлов, код 4061713СА. Сброс 90-110 С, капилляр 1000 мм, чуствительный элемент ф 6,5*95 мм, 16 (6) А250 В.
",r,250,,,,,,UAH,,,,шт,,,,http://remza.com.ua/image/cache/import_files/10/10653d9c-47bb-11e3-b888-0007e96babaa_10653db0-47bb-11e3-b888-0007e96babaa-1280x1024.jpeg,+,,,,,,,,,,http://remza.com.ua/zapchasti_dlja_gazovykh_kotlov_kolonok/termostat_dlya_kotlov/term_4061713ca,4061713СА,,,9352
20025286,Предохранительный термостат Protherm 0020025286,,"
	Предохранительный (аварийный) термостат для электрокотла Protherm код 0020025286. Подходит для котлов: Protherm Скат К11,10; Protherm PLO; Protherm KLOM 16; Protherm KLZ 10-16; Protherm 65-150kW KLO 12; Protherm 80kW KLO 10,11.
",r,450,,,,,,UAH,,,,шт,,,,"http://remza.com.ua/image/cache/import_files/7b/7b1a9b78-835c-11e3-9189-0007e96babaa_7b1a9b8c-835c-11e3-9189-0007e96babaa-1280x1024.jpeg, http://remza.com.ua/image/cache/import_files/7b/7b1a9b78-835c-11e3-9189-0007e96babaa_7b1a9b96-835c-11e3-9189-0007e96babaa-1280x1024.jpeg",+,,,,,,,,,,http://remza.com.ua/zapchasti_dlja_gazovykh_kotlov_kolonok/termostat_dlya_kotlov/termostat_0020025286,20025286,,,9352
2003,Лампочка для СВЧ печей,,Лампа накаливания 230V 20W внутреннего освещения в корпусе для микроволновых печей.,r,65,,,,,,UAH,,,,шт,,,,http://remza.com.ua/image/cache/import_files/13/13ec6a4f-b1c3-11e4-b598-0007e96babaa_304ce352-b223-11e4-b598-0007e96babaa-1280x1024.jpeg,+,,,,,,,,,,http://remza.com.ua/melko_byt/zapchasti_dlya_svch_pechey/lamp_tr/2003,2003,,,9343
1603,Кнопка холодильника Beko 3 контакта,,"
	Кнопка включения/выключения света холодильника Beko, 3 контакта.
",r,100,,,,,,UAH,,,,шт,,,,http://remza.com.ua/image/cache/import_files/64/64519573-d6dd-11e5-9491-525400e6264f_daa399c1-d731-11e5-9491-525400e6264f-1280x1024.jpeg,+,,,,,,,,,,http://remza.com.ua/zapchasti_dlya_holod/13697/1603,1603,,,9334
2970,Кнопка холодильника Samsung DA34-10121A,,"
	Универсальная кнопка DA34-10121A для холодильника Samsung.
",r,70,,,,,,UAH,,,,шт,,,,"http://remza.com.ua/image/cache/import_files/e4/e4c95a86-7035-11e7-8789-525400e6264f_f66178e0-11aa-11e8-4e96-52ac00917454-1280x1024.jpeg, http://remza.com.ua/image/cache/import_files/e4/e4c95a86-7035-11e7-8789-525400e6264f_f66178df-11aa-11e8-4e96-52ac00917454-1280x1024.jpeg",+,,,,,,,,,,http://remza.com.ua/zapchasti_dlya_holod/13697/2970,2970,,,9334
1607,Кнопка холодильника Hansa,,"
	Универсальная кнопка для холодильника Hansa.
",r,80,,,,,,UAH,,,,шт,,,,,+,,,,,,,,,,http://remza.com.ua/zapchasti_dlya_holod/13697/1607,1607,,,9334
1604,Кнопка холодильника LG 5 контактов,,"
	Кнопка PS 201 для холодильника LG, 5 контактов. Параметры: 125V/250V, 1A/0,5A.
",r,100,,,,,,UAH,,,,шт,,,,http://remza.com.ua/image/cache/import_files/a4/a40832f8-bce8-11e5-2b85-0007e96babaa_a4083348-bce8-11e5-2b85-0007e96babaa-1280x1024.jpeg,+,,,,,,,,,,http://remza.com.ua/zapchasti_dlya_holod/13697/1604,1604,,,9334
1602,Кнопка холодильника Daewoo 4 контакта,,"
	Универсальная кнопка SR-DS04 для холодильника Daewoo, 4 контакта. Параметры: 125V/250V, 1,4A/0,7A.
",r,80,,,,,,UAH,,,,шт,,,,http://remza.com.ua/image/cache/import_files/a4/a408326c-bce8-11e5-2b85-0007e96babaa_a4083370-bce8-11e5-2b85-0007e96babaa-1280x1024.jpeg,+,,,,,,,,,,http://remza.com.ua/zapchasti_dlya_holod/13697/1602,1602,,,9334
1065,Электродвигатель обдува испарителя 5 Вт,,"Электродвигатель (двигатель обдува) вентилятора для промышленных и коммерческих холодильников, конденсаторных узлов и испарителей, а также для небольших вентиляторов, 5 Вт, 230 V, 1300 об/мин. Электродвигатель YZ5-13 подходит как для горизонтальной, так и для вертикальной установки. Направление вращения - по ходу часовой стрелки.  Производитель: ELCO Spa, Италия.",r,205,,,,,,UAH,,,,шт,,,,http://remza.com.ua/image/cache/import_files/fc/fc24126f-1e50-11e6-0290-525400e6264f_db1aa9cb-2f29-11e6-8d9e-525400e6264f-1280x1024.jpeg,+,,,,,,,,,,http://remza.com.ua/zapchasti_dlya_holod/dvigatel_obdyva/1065,1065,,,9331
1068,Электродвигатель обдува испарителя 25 Вт,,"
	Электродвигатель обдува испарителя 25 Вт для холодильного оборудования. Четырехполюсной однофазный, работает при напряжении 230-240 В, 50-60 Гц. Крепежные винты М4, выступающие со стороны ротора для крепления кольца или решетки
	Винт М4 - 2 шт, фиксированных в основании мотора. Основные характеристики электродвигателя: потребляемая мощность 65 Вт, сила тока 0,45 А, частота вращения ротора 1300-1550 об/мин. Электродвигатель подходит как для горизонтальной, так и для вертикальной установки. Предназначен для промышленных и коммерческих холодильников, конденсаторных узлов и испарителей, а также для небольших вентиляторов.
",r,460,,,,,,UAH,,,,шт,,,,"http://remza.com.ua/image/cache/import_files/0b/0b5aee0b-2444-11e7-449d-525400e6264f_1296cea8-0f50-11e8-5084-52ac00917454-1280x1024.jpeg, http://remza.com.ua/image/cache/import_files/0b/0b5aee0b-2444-11e7-449d-525400e6264f_1296cea9-0f50-11e8-5084-52ac00917454-1280x1024.jpeg",+,,,,,,,,,,http://remza.com.ua/zapchasti_dlya_holod/dvigatel_obdyva/1068,1068,,,9331
1067,Электродвигатель обдува испарителя 16 Вт,,"Электродвигатель обдува испарителя 16 Вт для холодильного оборудования. Четырехполюсной однофазный, работает при напряжении 230-240 В, 50-60 Гц. Крепежные винты М4, выступающие со стороны ротора для крепления кольца или решетки
Винт М4 - 2 шт, фиксированных в основании мотора. Основные характеристики электродвигателя: потребляемая мощность 65 Вт, сила тока 0,45 А, частота вращения ротора 1300-1550 об/мин. Электродвигатель подходит как для горизонтальной, так и для вертикальной установки. Предназначен для промышленных и коммерческих холодильников, конденсаторных узлов и испарителей, а также для небольших вентиляторов.",r,395,,,,,,UAH,,,,шт,,,,http://remza.com.ua/image/cache/import_files/ad/ad62d922-4c40-11e3-b888-0007e96babaa_ad62d936-4c40-11e3-b888-0007e96babaa-1280x1024.jpeg,+,,,,,,,,,,http://remza.com.ua/zapchasti_dlya_holod/dvigatel_obdyva/dvigatel_1067,1067,,,9331
1066,Электродвигатель обдува испарителя 10 Вт,,"Электродвигатель (двигатель обдува) вентилятора для промышленных и коммерческих холодильников, конденсаторных узлов и испарителей, а также для небольших вентиляторов, 10 Вт, 220 V, 1300 об/мин. Электродвигатель NET5T10ZVN001 подходит как для горизонтальной, так и для вертикальной установки. Направление вращения - по ходу часовой стрелки. Модель электродвигателя - VN 10-20/028, Артикул от производителя - NET5T10ZVN001. Маркировка - YJF-10FAN MOTOR 1300 rpm 0.25A-10W 220-240v50Hz CL:B IP 44
Размеры 82х82х94 мм, толщина корпуса - 74 мм, диаметр вала - 7 мм, крепление снизу - 2 болта с гайкой М5., ось вала - 50 мм от плоскости крепления, диаметр шайбы пластиковой - 30 мм, межцентровое расстояние стягивающих болтов - 67 мм, длина кабеля - 45 см.  Производитель: ELCO Spa, Италия.
",r,335,,,,,,UAH,,,,шт,,,,http://remza.com.ua/image/cache/import_files/5b/5bc5bebc-2743-11e3-a187-0007e96babaa_5bc5bed0-2743-11e3-a187-0007e96babaa-1280x1024.jpeg,+,,,,,,,,,,http://remza.com.ua/zapchasti_dlya_holod/dvigatel_obdyva/dvigatel_10v,1066,,,9331
C00058465,Кнопка сетевая Indesit C00058465 (482000027042),,"
	Кнопка сетевая C00058465 (482000027042) для стиральной машины Indesit. Подходит к моделям: AAX149LFR AB83TK ABS43XT T1043OM WP67EX LES669XIT LL430FR.C/HA LL65IT LL65TK.2 B1253XP B1253XUK WME12XIT WS44XIT WS683XGIT AT105FR IDL40EU.C N550XP T643IT L63AUS L63IT WES9XR W51SP W857PT W88XIT WA6PT WA8XIT AL108XTK AL109XSK AL128XFR AL67XHCGR ALD100IT W115FR W431TXEX(BG) W43TAG W44IT WGS639TE WH66TXE WE125XEX WE12SDE WE14SDE CDE12XUK WAS6XIT IWM12 WT80CSI DWT10P.2 LL420FR LL43XAUS.C LL64AUS LL64EU ADS1200EX N632XEXP N632XHK AT64EO FTL1050EA L61EU B853XEXP WE8IT AB53AG IDL42EU.C AB53IT AB64XIT AB65XEU W104NL W105XDE W124XNL LBE6XIT W125XSDE W146XSDE W83TTK W83UK W84TXEX WA1010 W535PT W53TEX ALD100TK ALS129XEU ALS88XEO LNA855FR W63EX WT40EX WIT50AG WE105XEX T1043EX AAX106LFR AAX126LFR BWM12 WT5IT WTK605IL WP62EX LL43SEU.C LL64XSK LL65TK LL68FR LE1069XIT B1053XEXP WME6X T843EO WS682XSIT WS68XIT AT104EX AT62IT MLE12X IDL411SFR.C WS43XIT N432XP N542XIT T632EX L63SK.2 AB60IT AB63SP AB64AG W108XSP LBE12X W133SUK W682XSIT W85FR WA8XSPT AL109XIT AL129SLBE AL12SUK AL169XSK AL68XEX AL88XEU ALD100EX ALS109XEO WGS63TIT WGS838TXU WE14DE AB108XEO AD1200IT LL40EU.C LL62XFR WT102TFR N842XHK N442XIT IDE44EU.C IDL42EU AB43PT W104TXTK W105TXEX B642XEXP B660XP W144XDE L6047FR L64IT.2 AB43EX5060H W43TEX50-60HZ W443XGIT W84TXEXTE WA16-1200 W63TEX50/60 AL169XAUS AL53XEU AL9UK ALS89XIT WE14XSNL WE16SUK WH96TXE AB103TK ABS63XEU AD1600PXU SDW60P LL42AUS.C LL42EU.C/HA LL430XFR LL68XFR T843EX WS64XIT N532XP N632XIT N632XP MLSE12X T632EO L60FR L61IT L67FR W104TBE W105TXR(BG) LBE8XIT W143SUK W145XDE WE8XEO WE8XR W44XIT W83TEX W83TK W84FR W84XSSP WA6XSPT AL129SLFR AL88XPT ALS89XSIT W4521E W524PT W646XSPT WIT60FR AD1600IT DWF50N ABS63XEO LL42AG LL42SK LL43SEU.C/HA LL65XEU B1253XIT N1042XEXP N651XP N551XP AT64EX L61EU.2 L63EU B853XIT AB65XEO W104DE W104FR W146XDE W4608TLCSI W83NL W842XSIT WA10PT WA6XIT AL108XBE W63XIT AL44XSP AL64XIT WE12UK WGS638TXU WIT51EU ABS43XIT AD1200TK AB66XIT AB84XTK DWF40P WT65EXP WT90CSI WP100EX LL40EU LL430FR.C LL64AG WM12XUK B1053XAUS N860XP AT84EO T643EX L63XIT WDE12UK IDE44UK IDL40FR AB43IT W103UK W104TXSTK W123XNL B653XEXP W165TXEX W432XSIT W43IT W43XSP W84TXTK WA8PT W642TX(EX) AL109AUS AL149XEX AL65PT AL98XFR ALD160EU AB56FR W63FR FDW60T WGS438TR WE14SUK AB108XEU AB88XEO ABS53XIT LWM1000X WT60FR WT62TFR N842XEXP LE869XIT LL63TK LL6546FR B1253XAUS WS84TXEX N450XIT IDL42DE.C L6061EU AB63IT W103NL WAT8IT LBE6X W144XNL W43TEX AL109XAUS AL129XTK AL169XEU AL68XIT AL89XSIT ALS109XEU LNA800FR AB63XIT W9521E WA6IT W63TK WGS438T WGS69TS WE11UK WE16DE AB104IT B880XP BF853XF WT50EX WT67EU DWF40P.2 DWF50P LL440FR LL63TK.2 LL64XAUS N1242XUK N650XP AT50EO AT84EX IDE45SEU IDL42SK IDL42SK.C L548IT AB52PT W103TTK W104TEX W106XDE WD12XUK B653XIT LBE8X W125XDE W128XSP W165XNL W6EX W83SP W84XSP AB43XIT W53FR W53SP W63TAUS W63XSP W6521E AL10UK AL128XBE AL149SLSK AL97XFR ALD120FR ALS64XIT ALS68XIT WE14UK AB84PT AD1600FR AD1600UK CDE12X F400X DWT10P SDW60P.C ST100XTHORAUS LL42SK.
",r,150,,,,,,UAH,,,,шт,,,,"http://remza.com.ua/image/cache/import_files/d6/d63008f4-1d88-11e8-5282-52ac00917454_d6300910-1d88-11e8-5282-52ac00917454-1280x1024.jpeg, http://remza.com.ua/image/cache/import_files/d6/d63008f4-1d88-11e8-5282-52ac00917454_d630091a-1d88-11e8-5282-52ac00917454-1280x1024.jpeg, http://remza.com.ua/image/cache/import_files/d6/d63008f4-1d88-11e8-5282-52ac00917454_d6300911-1d88-11e8-5282-52ac00917454-1280x1024.jpeg",+,,,,,,,,,,http://remza.com.ua/zapchasti_dlja_stiralnykh_mashin/knopka_setevay/00058465,C00058465,,,9213
481241029503,Кнопка старт/сброс Whirlpool 481241029503,,"
	Кнопка включения и выключения предназначена для стиральных машин IGNIS, WHIRLPOOL, BAUKNECHT, имеет оригинальный код 481241029503 (C00329327). Деталь выполнена из прочного пластика и поставляется в фирменной полиэтиленовой упаковке.
	Выйти из строя устройство может по причине низкого качества материала, неправильной установки запчастей, залипаний, а также частых ударов и падений самой машинки.
	Наиболее распространенными неполадками, которые происходят с кнопками СМА, считаются такие явления:
	Слабое проворачивание. Данная проблема может заключаться в сломанном гнезде или мусоре, собранном между пазами круга.
	Западание детали. Если это произошло, потребитель не может запустить режим стирки.
	Выпадение и утеря изделия. В данном случае требуется срочная замена запчасти. Даже если кнопка не потерялась, она будет регулярно отскакивать и сделает процесс стирки вообще неосуществимым.
	Поломка детали может привести к некорректной работе аппарата или полной остановке устройства. Отремонтировать кнопку невозможно, поэтому нужно срочно приобрести новую деталь. Выбирать ее следует в соответствии с параметрами старой, а также маркой самой машинки.
",r,85,,,,,,UAH,,,,шт,,,,"http://remza.com.ua/image/cache/import_files/d6/d63008ad-1d88-11e8-5282-52ac00917454_d63008cb-1d88-11e8-5282-52ac00917454-1280x1024.jpeg, http://remza.com.ua/image/cache/import_files/d6/d63008ad-1d88-11e8-5282-52ac00917454_d63008ca-1d88-11e8-5282-52ac00917454-1280x1024.jpeg, http://remza.com.ua/image/cache/import_files/d6/d63008ad-1d88-11e8-5282-52ac00917454_d63008e9-1d88-11e8-5282-52ac00917454-1280x1024.jpeg",+,,,,,,,,,,http://remza.com.ua/zapchasti_dlja_stiralnykh_mashin/knopka_setevay/481241029503,481241029503,,,9213
481071425341,Кнопка старт Whirlpool 481071425341,,"
	Клавиша (кнопка) старт 481071425341 к стиральной машине Whirlpool, Bauknecht.
	Подходит к моделям:
	BAUKNECHT:
	PWF 4746 (858001403010), PWF 4748 (858002603010), PWF 6848 (858014203012), PWF 5545 (858013403010), PWF 5768 (858002103010), PWF 6 A+++ EDITION 5 (858013603010), PWF 6748 (858013803011), PWF 8 A+++ (858014103010), PWF 5848 (858001803010), PWF 4748 (858002603011), PWF 5648 (858002203010), PWF 5525 (858013303010), PWF 6 A+++ EDITION 5 (858013603013), PWF 4746 (858001403011), PWF 4646 (858001303010), PWF 6848 (858014203010), PWF 6 A+++ EDITION 5 (858013603012), PWF 8 A+++ (858014103012), PWF 7 A+++ (858013903010), PWF 6748 (858013803010), PWF 7 A+++ (858013903011), PWF 5748 (858001603010), PWF 5768 (858002103011), PWF 4846 (858001503010), PWF 5748 (858001603012), PWF 7 A+++ (858013903012), PWF 6645 (858013703010), PWF 5646 (858013503010), PWF 6748 (858013803012), PWF 6645 (858013703013), PWF 5748 (858001603011), PWF 5848 (858001803012)
	WHIRLPOOL:
	AWOD 7431 (859230829010), AWO/C 3127 P (859230949013), AWOD 4938 (859205629010), AWOD 8454 (859202329013), AWOD 7455 (859231329010), AWOD 4833 (859234429010), AWOC 7129N (859202065011), AWOD 4837 (859207629012), AWO/C 6314 (859233810011), WWDC 7124 (859232515013), FDLR 90250 BL (859241810011), WHI 6KU40 (859230220010), WHI 740U (859230320011), AWS 6126 (859236003004), WHI 7MS40 (859205020011), AWOD 8251 (859200429010), MEMPHIS 4567 UM (859205912011), AWO/D 6024 (859231361010), AWOD 2928 (859233029012), AWO/D 7014 (859203461018), ECONOMY 1400 SM (859205112011), AWOC 5124 (859235210012), FDLR 60250 BL (859241610011), AWO/C 70800 (859247945011), AWO/C 62012 (859202110016), AWO/C 6104 (859231110016), AWSC 63213 (859239510004), AWO/C 6104 (859231110010), AWS 51001 (859236810000), AWOC 7283 (859232218010), DLC7212 (859232838010), AWO/C 70800 (859247945012), AWO/C 81200 (859239910010), AWO/D 8104 (859202361010), AWO/C 7810 (859231026018), AWO 6587 SM (859205312012), AWO 6646 (859201303010), AWOD 2920 (859234529010), AWP 8100 WH (859230243010), AWO/C 7121 (859201110010), AWO 174U3 (859205420012), AWOC 932830P (859232749010), AWO/C 6340 (859233910018), DLC 8010 (859201738010), AWO 3471 (859202920011), CAREMOTION 1407 SM (859204512011), AWO/C 7808 (859231326013), DLC8212 (859232738012), PRIMO 1408 UM (859231612010), AWW 61000 (859239610004), AWOD 4725 (859231929013), AWS 6200 (859236138003), AWSP 61012P (859231149002), AWO 2671 (859201620011), DLC7212 (859232838012), DLC 7000 (859231338010), WHI 7KS40 (859205120011), AWO/C 60081 (859230165010), AWOE 91030 GR (859232326011), AWS 61212 (859236684004), AWOD 2930 (859232829010), AWO/D 8600 (859205161012), AWS 61212 S (859236610200), AWS 61212 (859236610002), AWO/C M9123 (859201686010), AWC 7085 A (859230545010), AWS 61012 (859236710000), AWO/C 61203P (859231349012), AWO/C 51211 (859235610010), AWOD 2836 (859206829014), AWOC 8282 (859203118010), AWO 6567 UM (859205812012), WWDC 9122 (859233915014), AWC 7100 D (859230245010), AWC 7120 S (859230745000), AWOD 8235 (85
",r,105,,,,,,UAH,,,,шт,,,,"http://remza.com.ua/image/cache/import_files/f4/f4e83aca-1d7a-11e8-5282-52ac00917454_d63008de-1d88-11e8-5282-52ac00917454-1280x1024.jpeg, http://remza.com.ua/image/cache/import_files/f4/f4e83aca-1d7a-11e8-5282-52ac00917454_d63008d5-1d88-11e8-5282-52ac00917454-1280x1024.jpeg, http://remza.com.ua/image/cache/import_files/f4/f4e83aca-1d7a-11e8-5282-52ac00917454_d63008df-1d88-11e8-5282-52ac00917454-1280x1024.jpeg",+,,,,,,,,,,http://remza.com.ua/zapchasti_dlja_stiralnykh_mashin/knopka_setevay/481071425341,481071425341,,,9213
2808540300,Кнопка сетевая со светодиодом BEKO 2808540300,,"
	Кнопка сетевая со светодиодом для стиральной машины BEKO 2808540300 на 4 контакта, две защелки по бокам, включатель на два положения: включено / выключено, фиксируется. Подходит для моделей: WM 3350 E WM 3350 EB WM 3350 ES WM 3352 P WM 3356 D WM 3358 E WM 3450 E WM 3450 EB WM 3450 ES WM 3456 D WM 3458 E WM 3500 M WM 3500 MB WM 3500 MS WM 3506 E WM 3508 R WM 3552 M.
",r,110,,,,,,UAH,,,,шт,,,,http://remza.com.ua/image/cache/import_files/db/db1aaa56-2f29-11e6-8d9e-525400e6264f_db1aaaa6-2f29-11e6-8d9e-525400e6264f-1280x1024.jpeg,+,,,,,,,,,,http://remza.com.ua/zapchasti_dlja_stiralnykh_mashin/knopka_setevay/2808540300,2808540300,,,9213
587486,Крепление кнопок Gorenje 587486,,"
	Крепление (суппорт) для кнопок 587486 лицевой панели стиральной машины Gorenje. Подходит к моделям: WA61081 WA61101 WA61121 WA61121 WA61131 KWA61061 WA61061 WA71061 WA61081 WA61111 WA61081 WA61062 WA61061 BWA61081 WA61081 WA61101 WA61102 WA61121 WA61051 WA61061 WA61081 WA61101 WA61121 WA61061R WA61061R WA61081R WS41081 WS41101 WS41081 WS41101 WS41121 WS41101 WS41121 WA71121 WA71101 WS41081 WS41111 WS41091 WS41080 WA61090 WA61110 WS41110 WS41120 WS41090 WS41100 WA71121 WA71081 WA71061 WA71.08 WA71.06 WA61111 WA61121 WA71081 WA71101 WA61111 WA61121 WA61101 WS51081R WA61081 KWA71081 WS51081RS WS51081RS WA71141 WA61121 WA61092 KWA71121 WA61121 WA71101 WA71101 WA71141 WA71121 WA71141 WS51Z081RS WS51081RS WA61101 WA61121.
",r,130,,,,,,UAH,,,,шт,,,,"http://remza.com.ua/image/cache/import_files/39/397e8308-2ac1-11e8-218a-52ac00917454_ba9facca-2eb6-11e8-5c9d-52ac00917454-1280x1024.jpeg, http://remza.com.ua/image/cache/import_files/39/397e8308-2ac1-11e8-218a-52ac00917454_ba9faccb-2eb6-11e8-5c9d-52ac00917454-1280x1024.jpeg, http://remza.com.ua/image/cache/import_files/39/397e8308-2ac1-11e8-218a-52ac00917454_ba9facb6-2eb6-11e8-5c9d-52ac00917454-1280x1024.jpeg",+,,,,,,,,,,http://remza.com.ua/zapchasti_dlja_stiralnykh_mashin/knopka_setevay/587486,587486,,,9213
1597,Кнопка Siemens Bosch 165843,,"
	Кнопка на 4 контакта код 165843 для стиральной машины Siemens Bosch. Подходит к моделям: CR60800IL/02 CR60800IL/05 TOP600/05 TOP750/05 WOF1200IE/02 WOF1200IE/05 WOF1500FF/02 WOF1500FF/03 WOF1500FF/05 WOF1600/01 WOF1600/02 WOF1600/05 WOF1600FF/01 WOF1600FF/02 WOF1600FF/05 WOF1600IG/01 WOF1600IG/02 WOF1600IG/05 WOF1600II/01 WOF1600II/02 WOF1600II/05 WOF1600IL/01 WOF1600IL/02 WOF1600IL/05 WOF1601IG/02 WOF1601IG/05 WOF1601II/02 WOF1601II/05 WOF1610BY/02 WOF1610BY/05 WOF1610EU/02 WOF1610EU/05 WOF1800/01 WOF1800/02 WOF1800/05 WOF1800FF/01 WOF1800FF/02 WOF1800FF/05 WOF1880/01 WOF1880/02 WOF1880/05 WOF1880II/01 WOF1880II/02 WOF1880II/05 WOF2000/01 WOF2000/02 WOF2000/05 WOF2000FF/01 WOF2000FF/02 WOF2000FF/05 WOF2000IG/01 WOF2000IG/02 WOF2000IG/05 WOF2000NL/01 WOF2000NL/02 WOF2000NL/05 WOF2000SN/01 WOF2000SN/02 WOF2000SN/05 WOF2001IG/02 WOF2001IG/05 WOF2090/01 WOF2090/02 WOF2090/05 WOF2090NL/01 WOF2090NL/02 WOF2090NL/05 WOFPI01GR/02 WOFPI02GR/02 WOK2001/02 WOK2001/04 WOK2001/05 WOK2001/07 WOK2001/08 WOK2001GB/02 WOK2001GB/04 WOK2001GB/05 WOK2001GB/07 WOK2001GB/08 WOK2030/02 WOK2030/04 WOK2030/05 WOK2031/02 WOK2031/04 WOK2031/05 WOK2031/07 WOK2031/08 WOK207PEU/05 WOK207PEU/07 WOK207SEU/02 WOK207SEU/04 WOK207SEU/05 WOK207Z/02 WOK207Z/04 WOK207Z/05 WOK207Z/07 WOK2091/02 WOK2091/04 WOK2091/05 WOK2091/06 WOK2091/07 WOK2091/08 WOK2401EU/02 WOK2401EU/04 WOK2401EU/05 WOK2401EU/07 WOK2401EU/08 WOK2401FF/05 WOK2401FF/08 WOK2430/02 WOK2430/04 WOK2430FF/02 WOK2430FF/04 WOK2430II/02 WOK2430II/04 WOK2430NL/02 WOK2430NL/04 WOK2430SN/02 WOK2430SN/04 WOK2431/02 WOK2431/04 WOK2431/05 WOK2431/07 WOK2431/08 WOK2431EU/02 WOK2431EU/04 WOK2431EU/05 WOK2431EU/07 WOK2431EU/08 WOK2431SN/02 WOK2431SN/04 WOK2431SN/05 WOK2431SN/07 WOK2471/04 WOK2471/05 WOK2471/07 WOK247ANL/02 WOK247ANL/04 WOK247ANL/05 WOK2490/02 WOK2490/04 WOK2490/05 WOK2490/07 WOK2491/02 WOK2491/04 WOK2491/05 WOK2491/06 WOK2491/07 WOK2491/08 WOK2491EU/02 WOK2491EU/04 WOK2491EU/05 WOK2491EU/06 WOK2491EU/07 WOK2491EU/08 WOK257SFF/02 WOK257SFF/04 WOK257SFF/05 WOK2601SN/05 WOK2601SN/07 WOK2601SN/08 WOK2631FF/05 WOK2631FF/08 WOKFU01CH/02 WOKFU01CH/04 WOKFU01CH/05 WOKFU01CH/07 WOKFU01CH/08 WP80600IE/02 WP80600IE/05 WP80700FF/02 WP80700FF/03 WP80700FF/05 WP80750HK/02 WP80750HK/05 WP80800/01 WP80800/02 WP80800/05 WP80800FF/01 WP80800FF/02 WP80800FF/05 WP80800IG/01 WP80800IG/02 WP80800II/01 WP80800II/02 WP80801IG/02 WP80801IG/05 WP80801II/02 WP80801II/05 WP80810BY/02 WP80810BY/05 WP80810EU/02 WP80810EU/05 WP80900/01 WP80900/02 WP80900/05 WP80900FF/01 WP80900FF/02 WP80900FF/05 WP80900HK/02 WP80900HK/05 WP80961/02 WP80961/05 WP80980/01 WP80980/02 WP80980/05 WP80980II/01 WP80980II/02 WP80980II/05 WP81000/01 WP81000/02 WP81000/05 WP81000FF/01 WP81000FF/02 WP81000FF/05 WP81000FG/01 WP81000FG/02 WP81000FG/05 WP81000IG/01 WP81000IG/02 WP81000IG/05 WP81000SN/01 WP81000SN/02 WP81000SN/05 WP81001IG/02 WP81001IG/05 WP8107B/01 WP8107B/02 WP8107BEU/01 WP8107BEU/02 WP8107M/01 WP8107M/02 WP8107MEU/01 WP8107MEU/02 WP8107V/01 WP8107V/02 WP810
",r,180,,,,,,UAH,,,,шт,,,,"http://remza.com.ua/image/cache/import_files/f2/f22db9a1-1342-11e8-e694-52ac00917454_7c7db316-1585-11e8-9a85-52ac00917454-1280x1024.jpeg, http://remza.com.ua/image/cache/import_files/f2/f22db9a1-1342-11e8-e694-52ac00917454_7c7db31e-1585-11e8-9a85-52ac00917454-1280x1024.jpeg, http://remza.com.ua/image/cache/import_files/f2/f22db9a1-1342-11e8-e694-52ac00917454_7c7db317-1585-11e8-9a85-52ac00917454-1280x1024.jpeg",+,,,,,,,,,,http://remza.com.ua/zapchasti_dlja_stiralnykh_mashin/knopka_setevay/1597,1597,,,9213
1593,Кнопка сетевая со светодиодом BEKO,,"
	Кнопка сетевая BEKO со светодиодом. 4 контакта под клеммники, возвратно-пружинный контакт включателя. Включатель на два положения: включено / выключено, фиксируется. Светодиодная индикация включения.
",r,115,,,,,,UAH,,,,шт,,,,"http://remza.com.ua/image/cache/import_files/9a/9a0f49f8-e7cf-11e7-1591-525400e6264f_e74ac179-f177-11e7-8a97-525400e6264f-1280x1024.jpeg, http://remza.com.ua/image/cache/import_files/9a/9a0f49f8-e7cf-11e7-1591-525400e6264f_e74ac182-f177-11e7-8a97-525400e6264f-1280x1024.jpeg",+,,,,,,,,,,http://remza.com.ua/zapchasti_dlja_stiralnykh_mashin/knopka_setevay/1593,1593,,,9213
2316,Двигатель центрифуги Saturn  YYG-70,,"
	Двигатель (мотор) центрифуги YYG-70 для полуавтоматов Saturn. Мощность 70 W, 0.8 A, 5 мкФ, длина вала 38 мм, толщина 10 мм.
",r,400,,,,,,UAH,,,,шт,,,,http://remza.com.ua/image/cache/import_files/77/77537bd6-4c7a-11e3-b888-0007e96babaa_77537bea-4c7a-11e3-b888-0007e96babaa-1280x1024.jpeg,+,,,,,,,,,,http://remza.com.ua/zapchasti_dlja_stiralnykh_mashin/zapch_polyavtomat/dvigateli_polyavtom/dvig_2316,2316,,,9199
1001,Двигатель помпы Saturn,,"
	Двигатель помпы для стиральных машин Saturn.
",r,200,,,,,,UAH,,,,шт,,,,"http://remza.com.ua/image/cache/import_files/10/10164efc-ee06-11e3-8c86-0007e96babaa_06d283fc-f45e-11e3-8c86-0007e96babaa-1280x1024.jpeg, http://remza.com.ua/image/cache/import_files/10/10164efc-ee06-11e3-8c86-0007e96babaa_06d28406-f45e-11e3-8c86-0007e96babaa-1280x1024.jpeg",+,,,,,,,,,,http://remza.com.ua/zapchasti_dlja_stiralnykh_mashin/zapch_polyavtomat/dvigateli_polyavtom/1001_dv,1001,,,9199
2317,Двигатель основной Saturn XD-135,,"
	Двигатель (мотор) бака основной XD-135 для полуавтомата Saturn. Мощность 135 W, 10 мкФ, диаметр вала 12 мм.
	 
",r,400,,,,,,UAH,,,,шт,,,,http://remza.com.ua/image/cache/import_files/77/77537b9a-4c7a-11e3-b888-0007e96babaa_77537bcc-4c7a-11e3-b888-0007e96babaa-1280x1024.jpeg,+,,,,,,,,,,http://remza.com.ua/zapchasti_dlja_stiralnykh_mashin/zapch_polyavtomat/dvigateli_polyavtom/dvigat_2317,2317,,,9199
3403-001124,Кнопка сетевая для пылесосов Samsung 3403-001124,,Оригинальная сетевая кнопка для пылесосов Samsung код 3403-001124. Параметры: NOVA KAN-2.5 10(8)A 250V-T120. Применяется в моделях: VC5853SU3B/SBW VC5853SU3B/XEV VC5853SU3K/SBW VC5853SU3K/XEV VC5913SN3S/KBW VC5913SN3S/SBW VC5913SN3S/XEV VC5915SN3G/SBW VC5915SN3G/XEV VC5915SN3R/SBW VC5915SN3R/XEV VC5916SN3G/SBW VC5916SN3R/SBW VCC4020S3B/BOL VCC4020S3B/ITM VCC4020S3R/BOL VCC4023S3B/SBW VCC4023S3B/XEV VCC4023S3K/SBW VCC4023S3K/XEV VCC4023S3W/XEV VCC4031S34/XEV VCC4130S31/SBW VCC4130S31/XEV VCC4130S3B/XEV VCC4130S3S/XEV VCC4131S37/XEV VCC4325S31/KEV VCC4325S31/XEV VCC4325S3K/SBW VCC4325S3R/SBW VCC4326S31/XEV VCC432AS3K/XEV VCC4520S3B/XEV VCC4520S3S/XEV VCC4521S3R/XEV VCC4521S3S/XEV VCC5120V3S/SBW VCC5120V3S/XEV VCC5120X3S/XEV VCC5125V3B/SBW VCC5128V3G/SBW VCC5140V3G/SBW VCC5148V33/SBW VCC514AV3B/SBW VCC514BV3S/SBW VCC5345V3B/SBW VCC5345V3S/SBW VCC5345V3S/XEV VCC5610S3A/XEV VCC5610S3K/XEV VCC5620S31/XEV VCC5620S37/XEV VCC6520S3O/SBW VCC6520S3O/XEV VCC6520X3O/XEV VCC8680V3R/XEV VCC8685V3R/XEV VCS7550S3K/XEV VCU2911S3R/XEV VCU2931S3S/XEV.,r,115,,,,,,UAH,,,,шт,,,,http://remza.com.ua/image/cache/import_files/37/378d55c6-9200-11e5-1c81-0007e96babaa_378d5634-9200-11e5-1c81-0007e96babaa-1280x1024.jpeg,+,,,,,,,,,,http://remza.com.ua/zapchasti_pylesos/cnopca_pulesosa/340_001124,3403-001124,,,9143
3403-001090,Кнопка сетевая для пылесосов Samsung 3403-001090,,Оригинальная сетевая кнопка для пылесосов Samsung код 3403-001090. Параметры: NOVA KAN-1.5 10(8)A 250V. Подходит к моделям: TC-9014V TC-9014V TC-9014V TC-9014V TC-9014V TC-9014V TC-9014V TC-9015V TC-9015V TC-9015V TC-9015V TC-9015V TC-9015V TC-9014VN TC-9014V TC-9014V TC-9014V TC-9014V TC-9014V TC-9014V TC-9014V TC-9014V TC-9014V TC-9014V TC-9014V TC-9014VN TC-9014VN TC-9014V TC-9014V TC-9014V TC-9014V TC-9014V TC-9014V TC-9014V TC-9015VN TC-9015V TC-9015V TC-9015V TC-9015VN TC-9015VN TC-9015V TC-9015V TC-9015V VC-9515V TC-9015V TC-9015V TC-9015V TC-9015V TC-9015V TC-9015VN TC-9015VN TC-9015V TC-9015V TC-9015V TC-9015V TC-9015VPN TC-9015VP TC-9015VP VAC-7049B VAC-7049B VAC-7049N VAC-7049N VAC7049G VAC-9048B VAC-9048R VAC-9048R VAC-9068G VAC-9069G VC-8716H VC-8716V VC-8820V VC-8930E VC-9000 VC-BM600 VC-BM601 VC-BM602 VC-BM603B VC-BM620 VC-BM621 VC-BM622 VC-BM623 COMPACT C10 COMPACT C10 COMPACT C10 COMPACT C10 COMPACT C10 COMPACT C10 COMPACT C10 COMPACT C10 COMPACT C10 COMPACT C110 COMPACT C110 COMPACT C110 COMPACT C110 COMPACT C110 COMPACT C118 EU C118 COMPACT C120 COMPACT C120 COMPACT C120 COMPACT C120 FORCE 122 FORCE 144 COMPACT C15 COMPACT C15 COMPACT C15 COMPACT C15 COMPACT C18 COMPACT C18 COMPACT C18 COMPACT C18 COMPACT C20 COMPACT C20 COMPACT C20 COMPACT C20 COMPACT C20 C210 C210 C210 C210 C218 C218 C220 C220 C220 C230 ALLERGY C230 ALLERGY C230 ALLERGY C230 ALLERGY VC-P500BE VCMA18AV VCMA18AV VCMA18AV VCMA18AV VCMA18AV VCMA18AV VCMA18AV VCMA18AV VCMA18AV VCMA18AV VCMA18AV VCMA18BV VCDC20AV VCDC20AV VCDC20AV VCDC20AV VCDC20AV VCDC20AV VCDC20AV VCDC20AV VCDC20AV VCDC20AV VCDC20AV VCDC20AV VCDC20AV VCDC20AV VCDC20CV VCDC20CV VCMA20CV VCMA20CV VCDC20DV VCDC20DV VCJG245V VCJG246V VCJG246V VCJG24AV VCJG24AV VCJG24AV VCJG24AV VCJG24AV VCJG24AV VCJG24AV VCJG24AV VCJG24BV VC-5813 VC-5813 VC-5813 VC-5813 VC-5813 VC-5813 VC-5813 VC-5813 VC5813 VC-5813 VC-5813 VC-5813 VC-5813 VC-5813 VC-5813 VAC-5863 VC-5813V VC-5813V VC-5813V VC-5813V VC-5814 VC-5814 VC-5814 VC-5814 VC-5814 VC-5814 VC5814 VC-5814V VC-5814V VC-5814V VC-5814V VC-5814V VC-5814V VC-5814V VC-5814V VC-5815V VC-5815V VC-5815V ASPIRA MOUSE 1500 VC-5815V VC5803V VC-5815V VC-5816V VC-5806V VC-5825V XJ2630KB VC-5913 VC-5913 VC-5913 VC-5913 VC-5913 VC-5913 VC-5913 VC-5913 VC-5913 VC-5913 VC-5913 VC-5913 VC-5913 VC-5913 VC-5913 VC-5913 VC-5913 VC-5913 VC-5913 VC-5913 VC-5913 VC-5923 VC-5913 VC-5913 VC-5913 VAC5913RN VAC-5913VN VAC-5913VB VAC-5913VB VAC5913B VAC5913R VAC-5913VW VAC-5913VW VAC5913S VC-5913V VC-5913V VC-5913V VC-5913V VC-5913V VC-5913V VC-5913V VC-5913V VC-5913V RC-5923 VC-5913V RC-5933 VC-5913V VC-5913V RC-5943 VC-5913V VC-5913V VC-5914 VC-5914 VC-5914 VC-5914 VC-5914 VC-5914 VC-5914 VC-5914V RC-5944 VC-5914V VC-5914V VC-5914V VC-5914V VC-5914V VC-5914V VC-5914V VC-5914V VC-5914V RC-5934 VC-5914V VC-5914V VC-5914V VC-5914V VC-5914V VC-5914V VC-5914V VC-5914V VC-5914V VC-5914V VC-5914V GM 50 VC-5914V HFC593FBR VC-5915 VC-5915 VC-5915V VC-5915V RC-5955 VC-5915V VC-5915V VC-5915V VC-591,r,110,,,,,,UAH,,,,шт,,,,"http://remza.com.ua/image/cache/import_files/37/378d568e-9200-11e5-1c81-0007e96babaa_378d56f2-9200-11e5-1c81-0007e96babaa-1280x1024.jpeg, http://remza.com.ua/image/cache/import_files/37/378d568e-9200-11e5-1c81-0007e96babaa_378d56de-9200-11e5-1c81-0007e96babaa-1280x1024.jpeg",+,,,,,,,,,,http://remza.com.ua/zapchasti_pylesos/cnopca_pulesosa/3403_001090,3403-001090,,,9143
1316,Кнопка включения для пылесосов Zelmer 2700.0,,Кнопка включения для пылесосов Zelmer 2700.090,r,50,,,,,,UAH,,,,шт,,,,http://remza.com.ua/image/cache/import_files/0a/0a9ce890-b5b3-11e3-6f8e-0007e96babaa_0a9ce8c2-b5b3-11e3-6f8e-0007e96babaa-1280x1024.jpeg,+,,,,,,,,,,http://remza.com.ua/zapchasti_pylesos/cnopca_pulesosa/knopca_1316,1316,,,9143
3030,Термовыключатель для пылесосов Zelmer 332.0022,,Термовыключатель для пылесосов Zelmer 332.0022,r,150,,,,,,UAH,,,,шт,,,,http://remza.com.ua/image/cache/import_files/d1/d1c08d90-d805-11e3-9b99-0007e96babaa_d1c08da4-d805-11e3-9b99-0007e96babaa-1280x1024.jpeg,+,,,,,,,,,,http://remza.com.ua/zapchasti_pylesos/cnopca_pulesosa/332_0022,3030,,,9143
2906,Кнопка включения для пылесосов Zelmer 601101.1027,,Кнопка включения для пылесосов Zelmer 601101.1027.,r,65,,,,,,UAH,,,,шт,,,,http://remza.com.ua/image/cache/import_files/0a/0a9ce8fe-b5b3-11e3-6f8e-0007e96babaa_0a9ce912-b5b3-11e3-6f8e-0007e96babaa-1280x1024.jpeg,+,,,,,,,,,,http://remza.com.ua/zapchasti_pylesos/cnopca_pulesosa/knopca_2906,2906,,,9143
2904,Кнопка включения для пылесосов Zelmer 07.0427,,Кнопка включения для пылесосов Zelmer код 07.0427,r,45,,,,,,UAH,,,,шт,,,,http://remza.com.ua/image/cache/import_files/d1/d1c08d4a-d805-11e3-9b99-0007e96babaa_d1c08d86-d805-11e3-9b99-0007e96babaa-1280x1024.jpeg,+,,,,,,,,,,http://remza.com.ua/zapchasti_pylesos/cnopca_pulesosa/07_0427,2904,,,9143
2754,Кнопка включения для пылесосов Zelmer 601201.1028,,"Кнопка включения для пылесосов Zelmer 601201.1028, 2-х контактная.",r,190,,,,,,UAH,,,,шт,,,,http://remza.com.ua/image/cache/import_files/0a/0a9ce8cc-b5b3-11e3-6f8e-0007e96babaa_0a9ce8e0-b5b3-11e3-6f8e-0007e96babaa-1280x1024.jpeg,+,,,,,,,,,,http://remza.com.ua/zapchasti_pylesos/cnopca_pulesosa/knopca_2754,2754,,,9143
2246,Кнопка фена 4-позиции XC-2410,,Ползунковый переключатель XC-2410 для фена 4 позиции.,r,90,,,,,,UAH,,,,шт,,,,http://remza.com.ua/image/cache/import_files/d2/d2d7fb56-cbd2-11e5-cc89-0007e96babaa_e7b3961a-cc23-11e5-cc89-0007e96babaa-1280x1024.jpeg,+,,,,,,,,,,http://remza.com.ua/zapchasti_pylesos/cnopca_pulesosa/2246,2246,,,9143
2240,Кнопка сетевая для пылесосов Electrolux,,"
	Кнопка сетевая для пылесосов Electrolux. 4 клемы.
",r,90,,,,,,UAH,,,,шт,,,,http://remza.com.ua/image/cache/import_files/f7/f79b2e74-4bc5-11e9-bc98-52ac00917454_6ba2d5c6-5187-11e9-5d9a-52ac00917454-1280x1024.jpeg,+,,,,,,,,,,http://remza.com.ua/zapchasti_pylesos/cnopca_pulesosa/2240,2240,,,9143
2013,Кнопка включения для пылесосов Zelmer 07.0430,,"Кнопка включения для пылесосов Zelmer код 07.0430 5, пайка.",r,50,,,,,,UAH,,,,шт,,,,http://remza.com.ua/image/cache/import_files/0a/0a9ce8e1-b5b3-11e3-6f8e-0007e96babaa_0a9ce8f4-b5b3-11e3-6f8e-0007e96babaa-1280x1024.jpeg,+,,,,,,,,,,http://remza.com.ua/zapchasti_pylesos/cnopca_pulesosa/knopca_2013,2013,,,9143
1208,Блокада для пылесоса Zelmer 5000.0022,,"
	Блокада 5000.0022 для пылесоса Zelmer Solaris.
",r,60,,,,,,UAH,,,,шт,,,,http://remza.com.ua/image/cache/import_files/0a/0a9cea70-b5b3-11e3-6f8e-0007e96babaa_0a9cea84-b5b3-11e3-6f8e-0007e96babaa-1280x1024.jpeg,+,,,,,,,,,,http://remza.com.ua/zapchasti_pylesos/cnopca_pulesosa/blok_1208,1208,,,9143
2708,Прокладка на двигатель пылесоса,,"
	Прокладка на двигатель пылесоса. Диаметр 85 мм.
",r,55,,,,,,UAH,,,,шт,,,,"http://remza.com.ua/image/cache/import_files/62/62664e51-f521-11e6-4485-525400e6264f_62664e63-f521-11e6-4485-525400e6264f-1280x1024.jpeg, http://remza.com.ua/image/cache/import_files/62/62664e51-f521-11e6-4485-525400e6264f_62664e64-f521-11e6-4485-525400e6264f-1280x1024.jpeg",+,,,,,,,,,,http://remza.com.ua/zapchasti_pylesos/dvigateli_pulesos/2708,2708,,,9133
525,Лампа для духовок 25Вт 300°С E14,,"
	Лампочка термостойкая для духовок. Мощность: 25 Вт, рабочая температура: до 300 °С, цоколь Е14.
",r,25,,,,,,UAH,,,,шт,,,,http://remza.com.ua/image/cache/import_files/ea/ea46a50e-b6b9-11e5-2b85-0007e96babaa_5e49baf2-b6fd-11e5-2b85-0007e96babaa-1280x1024.jpeg,+,,,,,,,,,,http://remza.com.ua/zapchasti_gaz_olit_i_duhovok/lampochka_dyxovki/525,525,,,9112
5953,Лампа для духовок 25Вт 300°С E14 D=35 мм Турция,,"Лампочка термостойкая для духовок с керамическим цоколем. Мощность: 25 Вт, рабочая температура: до 300 °С, цоколь Е14, диаметр посадочного места 35 мм.",r,200,,,,,,UAH,,,,шт,,,,http://remza.com.ua/image/cache/import_files/da/da3b3d6c-ccc3-11e5-cc89-0007e96babaa_da3b3dbc-ccc3-11e5-cc89-0007e96babaa-1280x1024.jpeg,+,,,,,,,,,,http://remza.com.ua/zapchasti_gaz_olit_i_duhovok/lampochka_dyxovki/5953,5953,,,9112
3359,Лампа для духовок 25Вт 300°С E27,,"Лампочка термостойкая для духовок. Мощность: 25 Вт, рабочая температура: до 300 °С, цоколь Е27, 240V.",r,25,,,,,,UAH,,,,шт,,,,http://remza.com.ua/image/cache/import_files/d2/d2d7fae8-cbd2-11e5-cc89-0007e96babaa_8ab09206-cc37-11e5-cc89-0007e96babaa-1280x1024.jpeg,+,,,,,,,,,,http://remza.com.ua/zapchasti_gaz_olit_i_duhovok/lampochka_dyxovki/3359,3359,,,9112
2760,Лампа для духовок 25Вт 300°С E14 D=35 мм,,"Лампочка термостойкая для духовок с керамическим цоколем. Мощность: 25 Вт, рабочая температура: до 300 °С, цоколь Е14, диаметр посадочного места 35 мм.",r,165,,,,,,UAH,,,,шт,,,,http://remza.com.ua/image/cache/import_files/d2/d2d7faa2-cbd2-11e5-cc89-0007e96babaa_8ab091e8-cc37-11e5-cc89-0007e96babaa-1280x1024.jpeg,+,,,,,,,,,,http://remza.com.ua/zapchasti_gaz_olit_i_duhovok/lampochka_dyxovki/2760,2760,,,9112
2729,Лампа для духовок 15Вт 300°С,,"Лампа универсальная для духовок с керамическим цоколем. Мощность: 15 Вт, рабочая температура: до 300 °С, диаметр 54 мм.",r,165,,,,,,UAH,,,,шт,,,,"http://remza.com.ua/image/cache/import_files/95/95e904aa-b634-11e5-2b85-0007e96babaa_95e90504-b634-11e5-2b85-0007e96babaa-1280x1024.jpeg, http://remza.com.ua/image/cache/import_files/95/95e904aa-b634-11e5-2b85-0007e96babaa_95e904f0-b634-11e5-2b85-0007e96babaa-1280x1024.jpeg",+,,,,,,,,,,http://remza.com.ua/zapchasti_gaz_olit_i_duhovok/lampochka_dyxovki/2729,2729,,,9112
Termopera Universal 90,Термопара универсальная 90 см,,"
	Термопара универсальная для газовых плит и духовок, длина 90 см
",r,110,,,,,,UAH,,,,шт,,,,http://remza.com.ua/image/cache/import_files/3e/3e2c0e02-582b-11e2-8c32-10bf489b8609_3e2c0e04-582b-11e2-8c32-10bf489b8609-1280x1024.jpeg,+,,,,,,,,,,http://remza.com.ua/zapchasti_dlja_gazovykh_kotlov_kolonok/termopara/termopara_univers_90,Termopera Universal 90,,,9076
Termopara Universal 60,Термопара универсальная 60 см,,"

	Термопара универсальная для газовых плит и духовок, длина 60 см

",r,95,,,,,,UAH,,,,шт,,,,http://remza.com.ua/image/cache/import_files/dc/dca2ad44-54d8-11e2-4b8c-0007e96babaa_3e2c0e01-582b-11e2-8c32-10bf489b8609-1280x1024.jpeg,+,,,,,,,,,,http://remza.com.ua/zapchasti_dlja_gazovykh_kotlov_kolonok/termopara/termopara_univers_60,Termopara Universal 60,,,9076
Termopara Universal 150,Термопара универсальная 150 см,,"
	Термопара универсальная для газовых плит и духовок, длина 150 см
",r,160,,,,,,UAH,,,,шт,,,,http://remza.com.ua/image/cache/import_files/3e/3e2c0e08-582b-11e2-8c32-10bf489b8609_3e2c0e0a-582b-11e2-8c32-10bf489b8609-1280x1024.jpeg,+,,,,,,,,,,http://remza.com.ua/zapchasti_dlja_gazovykh_kotlov_kolonok/termopara/termopara_univers_150,Termopara Universal 150,,,9076
Termopara Universal 120,Термопара универсальная 120 см,,"
	Термопара универсальная для газовых печей и духовок, длина 120 см
",r,150,,,,,,UAH,,,,шт,,,,http://remza.com.ua/image/cache/import_files/3e/3e2c0e05-582b-11e2-8c32-10bf489b8609_3e2c0e07-582b-11e2-8c32-10bf489b8609-1280x1024.jpeg,+,,,,,,,,,,http://remza.com.ua/zapchasti_dlja_gazovykh_kotlov_kolonok/termopara/termopara_univers_120,Termopara Universal 120,,,9076
C00143490,"Термопара для газовых плит Ariston, Indesit C00143490",,"Термопара газ контроль духовки/гриля для бытовых газовых плит Ariston, Indesit код C00143490. Длина 1200 мм, подсоединение к клапану М8*1, безрезьбовой оголовок. Подходит для следующих моделей :
Подходит к моделям: 7OFHGIXRU/HA 7OFHGWHRUHA 7OFHRG(AN)RU/HA 7OFHRG(OW)RU/HA 7OFKGXRUHAS 7OFZGIXRUHA A6GG1FXEX C14G(W)I C14SG1(W)I C14SG1(W)I/HA C14SG1(X)I C14SG1(X)I/HA C247GWI C247GXI C24GWI C320GC/SKD C340SG1(X)AG C344GWP C345GWF C345GWP C345GXEX C345GXP C346GT(W)F C346GT(X)F C347G(B)R C347G(X)R C347GW/I C347GW/P C347GWR C347GX/P C347GXI C34SG(W)EX C34SG1(W)R C34SG1(W)R/HA C34SG1(W)UA/HA C34SG1(X)AG C34SG1(X)EX C34SG1(X)R C34SG1(X)R/HA C34SG17(W)RU/HA C34SG17(X)RU/HA C34SG3(W)R C34SG3(W)R/HA C34SG3(W)R/HAS C34SG3(X)R C34SG3(X)R/HA C34SG37(W)RU/HA C34SG37XRU/HA C34SIG17XRUHA C35G1(W)F C35G1(W)F/HA C35G1(X)F C35G1(X)F/HA C35SG1(W)F/HA C35SG1(X)F/HA C35SG1XFHAS C50GLS C50LCIK/1 C50LCIW/1 C64G(W)EX C64SG1(W)AG C64SG1(W)B C64SG1(W)EX F070292 F068020 F070294 F070295 F080676 F067848 F083787 F037528 F037529 F048498 F037530 F048499 F026889 F026890 F026888 F028035 F068850 F026584 F026044 F026586 F027137 F026585 F029475 F029678 F031062 F030706 F026672 F026587 F026055 F026588 F026673 F039159 F038947 F048501 F071542 F039672 F039160 F038948 F048502 F068838 F068839 F038949 F048504 F080946 F038950 F048505 F067606 F067607 F083430 F036670 F048510 F036669 F048511 F067311 F067312 F081054 F049807 F053202 F046652 F030823 F037669 F030817 F030822 3702920000 3702920100 3680200000 3702940000 3702950000 3806760100 3678480000 25837870100 25837870100 25375281010 25375290110 25375291010 25484980010 25375300110 25375301010 25484990010 25268890000 25268890010 25268891000 25268891100 25268900000 25268900010 25268900100 25268901000 25268901100 25268880000 25268880010 25268881000 25268881100 25280350010 25688500000 25265840010 25260440010 25265860010 25271370010 25271370011 25271370111 25265850010 25294750010 25294750110 25296780010 25310620010 25307060010 25266720010 25265870010 25260550010 25265880010 25266730010 25391591010 25391591110 25389471010 25485011010 25485011010 25715421010 25396721010 25391601010 25389481010 25485021010 25485021010 25688380000 25688380000 25688390000 25688390000 25389491010 25389491110 25485041010 25485041010 25809460000 25809460000 25389501010 25485051010 25485051010 25485051110 25485051110 25485051210 25485051210 25485051310 25485051310 25676061010 25676071010 25676071010 25834300100 25366701010 25485101010 25366691010 25366691110 25485111010 25673111010 25673121010 25810540000 25498071010 25532021110 25466521110 25308230010 25308230010 25376690110 25308170010 25308220010 4174030c - 027 4174030c - 027 4174030c - 027 4174030c - 027 4174030c - 027 4210540 - 027 4210540 - 027 4280230 - 012 4280230 - 036 4190230 - 035 4190220 - 035 4190220 - 035 4190220 - 035 4190220 - 035 4190220 - 035 4190220 - 035 4190220 - 035 4190220 - 035 4190220 - 035 4190220 - 035 4190220 - 035 4190220 - 035 4190220 - 035 4190220 - 035 4190220 - 035 4190230 - 035 4190230 - 035 4190230",r,220,,,,,,UAH,,,,шт,,,,http://remza.com.ua/image/cache/import_files/dd/ddcb1dde-5d07-11e5-8c81-0007e96babaa_ddcb1e92-5d07-11e5-8c81-0007e96babaa-1280x1024.jpeg,+,,,,,,,,,,http://remza.com.ua/zapchasti_gaz_olit_i_duhovok/termopara_plit/c00143490,C00143490,,,9076
C00028639,"Термопара для газовых плит Ariston, Indesit C0028639",,"Термопара газ контроль духовки/гриля для бытовых газовых плит Ariston, Indesit код C0028639. Длина 1200 мм, подсоединение к клапану М8*1, резьбовой оголовок.",r,185,,,,,,UAH,,,,шт,,,,http://remza.com.ua/image/cache/import_files/15/152e1860-0147-11e6-5285-525400e6264f_7ea022a6-ee37-11e6-bd82-525400e6264f-1280x1024.jpeg,+,,,,,,,,,,http://remza.com.ua/zapchasti_gaz_olit_i_duhovok/termopara_plit/c00028639,C00028639,,,9076
811596,"Термопара для газовых плит Gorenje 811596 (850050, 135462) 760 мм",,"
	Оригинальная термопара газконтроля духовки для газовой плиты Gorenje код 850050, 135462, 811596. Длина 760 мм.
	Подходит для моделей: Подходит к моделям: MG51100FW1 MG51102GW MGN51102FW GIN52190IW GIN52260IW GN51101IW GN51101IW0 MG51100FW GN51104IW GN51203IBR GN51203IW GSH40952WE GSH40962BE GSH40962WE GSH40973BE GSH40973WE KGN51101HBR KGN51101HBR1 KGN51101HW KGN51101HW1 MG51100FW2 MG51100GW MG51100GW1 MG51100GW2 MG51101FW0 MG51101FW1 MG51101FW2 MG51101GW0 MG51101GW1 MG51102FW MG51102FW1 MG51102GBR MG51102GW1 MG51103FW0 MG51103FW1 MG51103GW MG51203GW MGI52160GW MGI52203GW MGIN52160GW MGIN52290GW MGIN53203GW MGIN53260GW MGN51100FW MGN51100FW1 MGN51100FW5 MGN51100FW6 MGN51100GW MGN51100GW1 MGN51100GW2 MGN51100GW5 MGN51101FBR MGN51101FW MGN51102FBR MGN51102FW1 MGN51102GBR MGN51102GW MGN51103GW MGN51104FW MGN51123FBR MGN51123FW MGN51123FX MGN52103FBR1 MGN52103FW MGN52103FW1 MGN52160FW MGN52160FW1 MGN52190FW SM133EW SMN133EW G51101ABR G51101IW G51101IW0 G51104IW GI52124AW GI52190IW GI52390IW GIN52101IW 1436.65F2 1442.95G2 ACG56W G209-3B G209-4B G209-4BZ G51100AW G51100AX G51101AW G51101AW1 G51101AX G51101IBR G51104AW G51106IW G51121AW G51203IBR G51203IW GDMIN146W GH505.4E GH506.4E GI52101IW GI52103IW GI52108AW GI52108AW-IE GI52203IBR GI52203IW GI52290IBR GI52290IW GIM241FFW GIN52108AW GIN52203IBR GIN52203IW GIN52260IBR GIN52260IS GIN53202AW GIN53260IBR GIN53260IW GM134AW GM135AW GM143W GMIN143B GMIN143W GMIN145S GMN134AW GMN135AW GN50203IBR GN50203IW GN51100AW GN51101IBR.
",r,200,,,,,,UAH,,,,шт,,,,"http://remza.com.ua/image/cache/import_files/5f/5f18ca2a-e4d9-11e7-fe8d-525400e6264f_929858ee-e64f-11e7-e29c-525400e6264f-1280x1024.jpeg, http://remza.com.ua/image/cache/import_files/5f/5f18ca2a-e4d9-11e7-fe8d-525400e6264f_929858e4-e64f-11e7-e29c-525400e6264f-1280x1024.jpeg, http://remza.com.ua/image/cache/import_files/5f/5f18ca2a-e4d9-11e7-fe8d-525400e6264f_929858f8-e64f-11e7-e29c-525400e6264f-1280x1024.jpeg",+,,,,,,,,,,http://remza.com.ua/zapchasti_gaz_olit_i_duhovok/termopara_plit/811596,811596,,,9076
609242,Термопара для газовых плит Gorenje 609242 500 мм,,"Оригинальная термопара газконтроля конфорки для газовой плиты Gorenje код 609242 (609241). Длина 500 мм.
Подходит для моделей: K7703W KMS62W KMS62E GMS64S GMS66W GI476W GI476B GI476E GI4368W GI4368B GI4368E GMS660E GMS640E K475W K477W K477E K5765W K7703E BL6059W BL6059IX BL5060BR BL6055W BL6055IX GMS64E K7302W.",r,145,,,,,,UAH,,,,шт,,,,http://remza.com.ua/image/cache/import_files/39/39e903ce-9467-11e5-1c81-0007e96babaa_94db1e74-946d-11e5-1c81-0007e96babaa-1280x1024.jpeg,+,,,,,,,,,,http://remza.com.ua/zapchasti_gaz_olit_i_duhovok/termopara_plit/609242,609242,,,9076
308380,Термопара для газовых плит Gorenje/Mora 308380 800 мм,,"
	Термопара (газконтроль) духовки для газовых плит Gorenje/Mora 308380 800 мм. Подходит к моделям:
	SM133MW SM133EW SG50S SG50 PS254GW PS243GW PS213MW5 PS213MW4 PS213MW3 PS213MW2 PS213MW1 PS213MW PS213MI1 PS213MI PS213MBR2 PS213MBR1 PS213MBR PS143MW PS143MI PS142MW1 PS142MI PS142GW1 PS142FX PS142FW PS140MW PS140FW1 PS133MW1 PS133MW0 PS133FW1 PS133FW0 PS132GW PS132GBR PS132GBR PS131MW2 PS131MW1 PS131MW0 PS131GW1 PS131GW0 PS131FW2 PS131FW1 PS131FW0 PS130MW PS130MW PS130GW2 PS130GW1 PS130GW PS130GW PS130FW2 PS130FW1 PS130CW PS130CW PS113MW PS113MI PS113MBR PS111MW PS103MW PS101MW PS101MBR PS100MW1 PS100MW PS100GW PS100FW1 PS100CW MGN52190FW MGN52160FX MGN52160FW1 MGN52160FW MGN52103FX MGN52103FW1 MGN52103FW MGN52103FBR1 MGN51123FX MGN51123FW MGN51123FBR MGN51104FW MGN51103GW MGN51102FW MGN51102FBR MGN51101FW MGN51101FBR MGN51100GW5 MGN51100FW6 MGN51100FW5 MGIN53260GW MGIN53203GW MGIN52290GW MGI52203GW MGI52160GW MG51203GW MG51103GW MG51103FW1 MG51103FW0 MG51102GW1 MG51102GW MG51102GW MG51102GBR MG51102GBR MG51102FW1 MG51102FW MG51101GW1 MG51101GW0 MG51101FW2 MG51101FW1 MG51101FW0 MG51100GW2 MG51100GW1 MG51100GW MG51100GW MG51100FW2 MG51100FW1 MG51100FW MG51100FW KGN51101HW1 KGN51101HW KGN51101HBR1 KGN51101HBR GSH41373WE GSH41362WE GSH41352WE GSH40973WE GSH40973BE GSH40962WE GSH40962BE GSH40952WE GN51220AW GN51220ABR GN51203IW GN51203IBR GN51203AW-1 GN51203AW GN51203ABR-1 GN51203ABR GN51106AW0 GN51104IW GN51103AW2 GN51103AW1 GN51103AW0 GN51103AW GN51103AS GN51103ABR1 GN51103ABR GN51102AW-U GN51102AW0 GN51102AW GN51102ABR0 GN51101IW0 GN51101IW GN51101IW GN51101IBR GN51101AW GN51101AW GN50203IW GN50203IBR GM135AW GM134AW GIN53260IW GIN53220AW GIN53220ABR GIN53202AW GIN52260IW GIN52206AW GIN52203IW-1 GIN52203IW GIN52198AW GIN52198AS GIN52198ABR GIN52190IW GIN52160IW GIN52101IW GI53120AW GI52CLI1 GI52CLI1 GI52CLI GI52CLB1 GI52CLB1 GI52CLB GI52390IW GI52390IW GI52290IW GI52290IBR GI52290AW GI52290ABR GI52220AW GI52203IW GI52203IBR GI52190IW GI52190IW GI52190IW GI52125AW GI52125AS GI52120AX GI52120AW GI52108GW GI52108AW-IE GI52108AW GI52103IW GI52103AW GI52101IW GI512W GH506.4E GH505.4E G81104AW G51203IW G51203IBR G51106IW G51106AW G51106ABR G51104IW1 G51104IW G51104IW G51104IW G51104AW0 G51104AW G51104AW G51104AW G51101IW0 G51101IW0 G51101IW G51101IW G51101IW G51101IBR G51101FWC G51101AX G51101AW3 G51101AW1 G51101AW-1 G51101AW G51101AW G51101AW G51101AW G51101AW G51101ABR G51101ABR G51101ABR G51100AX G51100AW G209-4BZ G209-4B G209-3B FS5014GGWLPG
",r,215,,,,,,UAH,,,,шт,,,,http://remza.com.ua/image/cache/import_files/36/36423c8d-13d0-11e8-2182-52ac00917454_7c7db329-1585-11e8-9a85-52ac00917454-1280x1024.jpeg,+,,,,,,,,,,http://remza.com.ua/zapchasti_gaz_olit_i_duhovok/termopara_plit/308380,308380,,,9076
35613,Термопара для газовых плит 550 мм,,"
	Термопара (газ-контроль) для газовых плит. Длина оголовка 38 мм, полная длинна 550 мм.
",r,85,,,,,,UAH,,,,шт,,,,http://remza.com.ua/image/cache/import_files/75/7504fa14-37d0-11e8-2587-52ac00917454_b0e65b33-418c-11e8-3480-52ac00917454-1280x1024.jpeg,+,,,,,,,,,,http://remza.com.ua/zapchasti_gaz_olit_i_duhovok/termopara_plit/35613,35613,,,9076
8737,Термопара для газовой поверхности Whirlpool 481010566193 (481213838041),,Термопара (газ-контроль) для газовой поверхности Whirlpool код 481010566193 (481213838041). Длина 520 мм. Подходит к моделям: AKT 680/IXL AKT 680/IXL AKT 680/IXL AKT 680/IXL AKT680/IXL AKT 607/IX/01 BDK75ARBNA AKT 699/IX AKT 699/IX AKT 699/IX AKT 699/IX AKT 717/IX AKT 721/IXL AKT 717/IX AKT 699/IX AKT717IX AKT 717/IX AKT 797/IX AKT 797/IX AKT 699/IX AKT699IX AKT699IX AKT 797/IX AKT 797/IX AKT 619/IX AKT 619/IX AKT 619/IX AKT 619/IX AKT 619/IX TGW 5575/IN/01 TGW 5576 IXL TGW 5576/IN TGW 5576/IN AKT 725/IXL AKT 725/IXL AKT725/IXL TGW 5465/PT TGZ 5465/IN/01 TGZ 5465/IN TGW 5465/PT TGW 5465 IXL TGW 5466 IXL TGW 5460 IN TGW 5460 IN AKT 621/IXL AKT 621/IXL AKT 657/IX AKT 660/IXL AKT 661/IXL AKT 697/IX AKT 707/IX AKT 617/IX AKT 617/WH AKT 617/IX AKT 617/IX AKT 617/IX AKT 617/WH AKT 617/NB AKT 620/IXL AKT 620/IXL AKT 607/WH AKT 607/NB AKT 607/IX AKT 780/IXL/03 AKT 780/IXL/01 AKT 780/IXL/01 AKT 780/IXL AKT 781/IXL AKT780IXL AKT 778/IXL AKT 677/WH AKT 677/IX GMR 6442/IXL GMR 6441/IXL GMR 7542/IXL GMR 7541/IXL GMR 7541/IXL GMR 7511/IXL AKT 637/IX AKT 781/IXL AKT 679/IX AKT 773/IX AKT 777/IX KHPI 7550 KHPI 7550 AKT 778/IXL 002.389.12 002.389.12 AKT 662/IXL AKT 657/IX AKT 657/IX AKT 699/IX AKT 720/IXL AKT 751/IX BDK60ARBNA AKT 678/IXL AKT 735/IX AKT 760/IXL AKT 760/IXL AKT 677/NB AKT 680/IXL AKT 780/IXL AKT 715/IX TGW 5466/PT GMR 7542/IXL GMR 7541/IXL GMR 7511/IXL GMR 6442/IXL GMR 6441/IXL GMR 6441/IXL GMA 6444/IXL GMA 7444/IXL GMA 7414/IXL GMA 6414/IXL TGWR 5465 IXL TGWR 5575 IXL KHGL 9010/B.,r,155,,,,,,UAH,,,,шт,,,,http://remza.com.ua/image/cache/import_files/ec/ec46a188-6c17-11e6-fa87-525400e6264f_a3754c0d-9db3-11e6-5b8e-525400e6264f-1280x1024.jpeg,+,,,,,,,,,,http://remza.com.ua/zapchasti_gaz_olit_i_duhovok/termopara_plit/8737,8737,,,9076
8611,Термопара для газовых плит Whirlpool 481010566187,,"
	Термопара для газовых плит Whirlpool 481010566187 (481213838039, 481213838004, 481213838003, 481913838109).
",r,290,,,,,,UAH,,,,шт,,,,"http://remza.com.ua/image/cache/import_files/85/8585bb89-f056-11e5-2a85-525400e6264f_7df34385-fa6c-11e5-169d-525400e6264f-1280x1024.jpeg, http://remza.com.ua/image/cache/import_files/85/8585bb89-f056-11e5-2a85-525400e6264f_a3754c02-9db3-11e6-5b8e-525400e6264f-1280x1024.jpeg",+,,,,,,,,,,http://remza.com.ua/zapchasti_gaz_olit_i_duhovok/termopara_plit/8611,8611,,,9076
3346,Термопара для газовых плит Greta 7S14220100100,,"
	Термопара горелки духовки плиты Greta, модель 7S14220100100. Длинна термопары мм.
",r,230,,,,,,UAH,,,,шт,,,,http://remza.com.ua/image/cache/import_files/42/4223e640-0f28-11e7-4e95-525400e6264f_481f6a83-05d0-11e8-4a8f-525400e6264f-1280x1024.jpeg,+,,,,,,,,,,http://remza.com.ua/zapchasti_gaz_olit_i_duhovok/termopara_plit/3346,3346,,,9076
2965,Термопара для газовых плит Hansa 1200 мм,,"
	Термопара (газ-контроль) для газовых плит Hansa. Длина 1200 мм.
",r,210,,,,,,UAH,,,,шт,,,,http://remza.com.ua/image/cache/import_files/1e/1e0b2bfa-649b-11e6-c295-525400e6264f_6dda5712-ab8c-11e7-4f87-525400e6264f-1280x1024.jpeg,+,,,,,,,,,,http://remza.com.ua/zapchasti_gaz_olit_i_duhovok/termopara_plit/2965,2965,,,9076
2222,Термопара для газовых плит Гефест,,Термопара автоматики для газовых плит Гефест.,r,195,,,,,,UAH,,,,шт,,,,http://remza.com.ua/image/cache/import_files/fb/fb574bb9-be27-11e6-4c8d-525400e6264f_31a38ee6-e62d-11e6-699b-525400e6264f-1280x1024.jpeg,+,,,,,,,,,,http://remza.com.ua/zapchasti_gaz_olit_i_duhovok/termopara_plit/2222,2222,,,9076
2168,"Термопара для газовых плит Ariston, Indesit C0052986 (1981316)",,"Оригинальная термопара газ контроль духовки/гриля для бытовых газовых плит Ariston, Indesit код C0052986 (1981316). Длина 600 мм, подсоединение к клапану М6*0,75, с клемой, резьбовой оголовок. Подходит для следующих моделей :
Подходит к моделям: PH 940MS (IX) PH 940MS (WH) PH 940MS (BK) PH 940MS (TF) PH 941MS (IX) (T) PH 941MS (WH) PH 941MS (BK) PH 941MS (TF) PH 960MST (IX) (T) PH 960MST (WH) PH 960MST (AN) PH 960MST (OS) PH 960MST (OW) PH 960MST (OG) PH 960MST (GW/PB) PH 941MSTB (IX) (T) PH 941MSTB (WH) PH 941MSTV (IX) (T) PH 941MSTV (WH) PH 640MST (IX) (T) PH 640MST (WH) (T) PH 640MST (AN) PH 640MST (OS) PH 640MST (OW) PH 640MST (OG) PH 640MST (GW/PB) PH 640MS (IX) PH 640MS (WH) PH 631MS (IX) PH 631MS (WH) TCG 3 IX FRA PH 640MS (BK) PH 640MS (TF) PH 640MS R (AN) PH 640MS R (WH) PH 631MS (BK) PH 631MS (TF) PH 631MS R (AN) PH 631MS R (WH) PH 640MST (AX) PH 940MST (IX) (T) PH 640MST (PA) PH 640MST (PB) PH 640MST (PG) PH 640MST (PK).1 PH 640MST (AV) PH 941MSTV (PA) PH 941MSTV (PB) PH 941MSTV (PG) PH 941MSTV (PK) PH 941MSTV (AV) PH 640MS U (IX) PH 640MS U (BK) PH 640MS U (WH) PH 960MST U (IX) PH 941MSTV U (IX) PH 930MST (IX) (T) PH 930MST (WH) PH 930MST (BR) PH 930MST (OS) PH 940MST (WH) PH 940MST (BR) PH 940MST (OS) PH 640MS (IX) IB PH 640MS R (GN) PH 631MS R (GN) TD 640 MS (WH) TD 640 MS (BK) TD 740 MST (WH) TD 740 MST (BK) TD 730 MST (WH) TD 730 MST (BK) C 659 B X.1 C 647 G (X) C 642 G (W) C 659 P X.1 T 753 S (AN) T 753 S (WH) T 753 S (IX) T 750 S (AN) T 750 S (WH) T 750 S (IX) T 741 S (AN) T 741 S (WH) T 741 S (IX) T 753 S (AN)EXP T 753 S (IX)EXP T 750 S (AN)EXP T 750 S (IX)EXP PH 640MS R (OW) PH 631MS R (OW) PH 640MS R (PA) PH 631MS R (PA) C 648 PT X C 647 P (X) C 647 P (W) C 647 M (W) C 647 PV (W) C 648 B X C 647 G (W) C 647 E (W) C 649 P (A) C 649 P (B) PH 941MSTB U (IX) PH 640MST U (IX) PH 640MST U (OW) PH 640MST U (AN) EBCLR/G-T IS C 619 M (W)T C 619 M (X)T C 658 P (X)T C 649 B (W)T PH 941MSTV (IX)NG PH 941MSTB (IX)NG TD 640 MS (MR) TD 740 MST (MR) C 647 G (W)F C 647 BT (W)F C 6471 G A F C 649 PV (W)F C 659 P X F C 619 P (W)F C 6191 P A F C 6192 P B F XM 180 GS.1 XM 180 GD.1 PH 640MST (IX)IR PH 640MS (IX)IR PH 940 MST(IX) NG PH 960 MST(IX)NG C 649 PV (A)R C 649 P (W)R C 649 P (X)R C 647 G A R C 647 G (W)R PA 12030 TC/AS IX SX C 647 PT (W)B TD 640 D (MR) C 447 G (X) C 447 E (X) C 448 M (X) C 617 P (X)EU PF 740 AS (IX) PF 740 AS (AX) PF 740 AS (WH) PF 740 AS (TF) PF 740 AS (BK) PF 741 AS (IX) PF 750 AST (IX) PF 750 AST (AX) PF 750 AST (WH) PF 750 AST (OW) PF 750 AST (AN) PF 750 AST GH PF 750 AST (OS) PF 750 AST (AV) PF 750 ASP (IX) PF 750 ASP (AX) PF 750 ASP (TF) PF 760 AS (IX) PF 760 AS (AX) PF 760 AS (WH) PF 760 AS (TF) PF 760 AS (OW) PF 760 AS (AN) PF 760 AS GH PF 760 AS (AV) PF 760 AS (PK).1 PF 640 AS (IX) PF 640 AS (AX) PF 640 AS (WH) PF 640 AS (TF) PF 640 AS (BK) PF 640 AS (OW) PF 640 AS (AN) PF 640 AS (AV) PF 640 AS (PA) PF 631 AS (IX) PF 631 AS (TF) C 659 B X AG.1 C 659 P X NG(1) PA 12030 TC/AS IX DX PSP 60 GH/IX CRF PSP 60 BC/IX CRF ",r,185,,,,,,UAH,,,,шт,,,,http://remza.com.ua/image/cache/import_files/e8/e82a1e6d-beac-11e6-4c8d-525400e6264f_bd37ed24-e260-11e6-2a8d-525400e6264f-1280x1024.jpeg,+,,,,,,,,,,http://remza.com.ua/zapchasti_gaz_olit_i_duhovok/termopara_plit/2168,2168,,,9076
2167,Термопара для газовых плит Smeg 900 мм,,"Термопара (газ-контроль) для газовых плит Smeg. Длина 900 мм, диаметр 6/0,75 мм.",r,90,,,,,,UAH,,,,шт,,,,http://remza.com.ua/image/cache/import_files/20/20cd027c-10d8-11e5-978c-0007e96babaa_20cd02cc-10d8-11e5-978c-0007e96babaa-1280x1024.jpeg,+,,,,,,,,,,http://remza.com.ua/zapchasti_gaz_olit_i_duhovok/termopara_plit/2167,2167,,,9076
1974,Термопара Amica 600 мм,,"
	Термопара (газ-контроль) для газовой плиты Amica. Длина 600 мм.
",r,85,,,,,,UAH,,,,шт,,,,http://remza.com.ua/image/cache/import_files/f5/f5c4a3ae-79c1-11e3-9189-0007e96babaa_f5c4a3c2-79c1-11e3-9189-0007e96babaa-1280x1024.jpeg,+,,,,,,,,,,http://remza.com.ua/zapchasti_gaz_olit_i_duhovok/termopara_plit/ner_1974,1974,,,9076
1967,Термопара для газовых плит Hansa 750 мм,,Термопара (газ-контроль) для газовых плит Hansa. Длина 750 мм.,r,155,,,,,,UAH,,,,шт,,,,http://remza.com.ua/image/cache/import_files/19/192c228c-8510-11e3-6f8e-0007e96babaa_192c22a0-8510-11e3-6f8e-0007e96babaa-1280x1024.jpeg,+,,,,,,,,,,http://remza.com.ua/zapchasti_gaz_olit_i_duhovok/termopara_plit/term_1967,1967,,,9076
1966,Термопара для газовых плит 450 мм,,Термопара (газ-контроль) для газовых плит. Длина 450 мм.,r,145,,,,,,UAH,,,,шт,,,,http://remza.com.ua/image/cache/import_files/19/192c226e-8510-11e3-6f8e-0007e96babaa_192c2282-8510-11e3-6f8e-0007e96babaa-1280x1024.jpeg,+,,,,,,,,,,http://remza.com.ua/zapchasti_gaz_olit_i_duhovok/termopara_plit/term_1966,1966,,,9076
1766,Лампа холодильника Whirlpool 15Вт 220V/240V,,"
	Лампочка с вилкой для холодильника Whirlpool, 15Вт 220V T25. Производство: Италия Wpro.
",r,110,,,,,,UAH,,,,шт,,,,http://remza.com.ua/image/cache/import_files/a4/a4083438-bce8-11e5-2b85-0007e96babaa_a4083488-bce8-11e5-2b85-0007e96babaa-1280x1024.jpeg,+,,,,,,,,,,http://remza.com.ua/zapchasti_dlya_holod/lampa_x/1766,1766,,,9067
1765,Лампа холодильника 15Вт 220V,,"
	Лампочка для холодильника 15Вт 220V Е14, 26*63 мм.
",r,20,,,,,,UAH,,,,шт,,,,http://remza.com.ua/image/cache/import_files/a4/a40833ca-bce8-11e5-2b85-0007e96babaa_a4083410-bce8-11e5-2b85-0007e96babaa-1280x1024.jpeg,+,,,,,,,,,,http://remza.com.ua/zapchasti_dlya_holod/lampa_x/1765,1765,,,9067
FSTB 90C,Термостат капиллярный 15А FSTB 90C,,"Термостат капиллярный 15А Toff=90°C для бойлеров, L трубки= 850 мм. Производство: Balcik Турция.",r,125,,,,,,UAH,,,,шт,,,,http://remza.com.ua/image/cache/import_files/a4/a498e246-7d40-11e4-f89b-0007e96babaa_e18b172e-8483-11e4-f89b-0007e96babaa-1280x1024.jpeg,+,,,,,,,,,,http://remza.com.ua/zaphasti_boilerov/fstb_90_c,FSTB 90C,,,9029
FSTB 40C,Термостат капиллярный 15А FSTB 40C,,"Термостат капиллярный 15А Toff=40°C для бойлеров, L трубки= 850 мм. Производство: Balcik Турция.",r,125,,,,,,UAH,,,,шт,,,,http://remza.com.ua/image/cache/import_files/a4/a498e26e-7d40-11e4-f89b-0007e96babaa_2c30c1ca-aee1-11e4-b598-0007e96babaa-1280x1024.jpeg,+,,,,,,,,,,http://remza.com.ua/zaphasti_boilerov/fstb_40_c,FSTB 40C,,,9029
FSTB 300C,Термостат капиллярный 15А FSTB 300C,,"
	Универсальный термостат капиллярный 15А FSTB 300C для бойлеров, паяльников, для всех духовок Мечта. На керамической основе; один контакт постоянно замкнут, другой постоянно разомкнут; нержавеющий капилляр длиной 1 метр; диапазон температур 50-300°C/50-320°C. 

	Производство: Balcik Турция. 
",r,125,,,,,,UAH,,,,шт,,,,http://remza.com.ua/image/cache/import_files/21/21fcdeac-7d2a-11e4-f89b-0007e96babaa_e18b1738-8483-11e4-f89b-0007e96babaa-1280x1024.jpeg,+,,,,,,,,,,http://remza.com.ua/zaphasti_boilerov/termostat_firt/fstb_300_c,FSTB 300C,,,9029
FSTB 200C,Термостат капиллярный 15А FSTB 200C,,"Термостат капиллярный 15А Toff=200°C для бойлеров, L трубки= 850 мм. Производство: Balcik Турция.",r,125,,,,,,UAH,,,,шт,,,,http://remza.com.ua/image/cache/import_files/a4/a498e282-7d40-11e4-f89b-0007e96babaa_e18b1742-8483-11e4-f89b-0007e96babaa-1280x1024.jpeg,+,,,,,,,,,,http://remza.com.ua/zaphasti_boilerov/termostat_firt/fstb_200_c,FSTB 200C,,,9029
FSTB 120C,Термостат капиллярный 15А FSTB 120C,,"Термостат капиллярный 15А Toff=120°C для бойлеров, L трубки= 850 мм. Производство: Balcik Турция.",r,125,,,,,,UAH,,,,шт,,,,http://remza.com.ua/image/cache/import_files/21/21fcdec0-7d2a-11e4-f89b-0007e96babaa_e18b174c-8483-11e4-f89b-0007e96babaa-1280x1024.jpeg,+,,,,,,,,,,http://remza.com.ua/zaphasti_boilerov/fstb_120_c,FSTB 120C,,,9029
D303,"Термостат защитный KSD303 16A, 95°C",,"Термостат защитный KSD303, 16A, 95°C, 250V.",r,100,,,,,,UAH,,,,шт,,,,,+,,,,,,,,,,http://remza.com.ua/zaphasti_boilerov/termostat_firt/d303,D303,,,9029
810,Термостат защитный  10A,,"Термостат защитный (термозащита, термопрерыватель) 10А ВОТ Т110, малый",r,60,,,,,,UAH,,,,шт,,,,http://remza.com.ua/image/cache/import_files/aa/aa8116e8-e939-11e2-d28c-0007e96babaa_aa811706-e939-11e2-d28c-0007e96babaa-1280x1024.jpeg,+,,,,,,,,,,http://remza.com.ua/zaphasti_boilerov/termostat_firt/termostat_10a,810,,,9029
482993,"Термостат защитный 16А, 90°C 482993 для бойлеров",,"
	Термостат защитный (термозащита, термопрерыватель) двух-полюсный биметаллический аварийный на фенопластовой основе с кнопкой ручного включения для водонагревателей Gorenje.Ток нагрузки 16А, напряжение 250В, температура срабатывания 90°C , 1-2: 16(4)A/250V; C-D: 16(4)A/250V, код 482993. Применяется на бойлерах с «сухим» типом тэнов производителей Gorenje и предохраняет тэны от разрыва вследствие их перегрева при поломке электрического термостата регулировки температуры воды. Предохраняет накопительные водонагреватели от перегрева воды, выхода на активное парообразование, покрытые накипью.
",r,270,,,,,,UAH,,,,шт,,,,http://remza.com.ua/image/cache/import_files/f1/f176b78e-e0a5-11e2-3380-0007e96babaa_f176b7ca-e0a5-11e2-3380-0007e96babaa-1280x1024.jpeg,+,,,,,,,,,,http://remza.com.ua/zaphasti_boilerov/termostat_firt/termostat_482993,482993,,,9029
65152258,Температурный сенсор Ariston ABS VLS PW 65152258 (для 1000W),,"
	Температурный сенсор (термодатчик, датчик температурный) 65152258 (65150926, 65151359, 65151228) для бойлера (водонагревателя) Ariston VELIS моделей ABS VLS PW30, 50PW, 80PW, 100PW ABS VLS PW30, 50PW, 80PW, 100PW для тэна мощностью 1,0 кВт, длина - 300 мм.
	Подходит на модели:
	Ariston ABS VLS INOX PW 30
	Ariston ABS VLS INOX PW 50
	Ariston ABS VLS INOX PW 80
	Ariston ABS VLS INOX PW 100
	Ariston ABS VLS PLUS INOX PW 100
	Ariston ABS VLS PLUS INOX PW 80
	Ariston ABS VLS PLUS INOX PW 50
	Ariston ABS VLS PLUS INOX PW 30
	Ariston ABS VLS PLUS PW 100
	Ariston ABS VLS PLUS PW 80
	Ariston ABS VLS PLUS PW 50
	Ariston ABS VLS PLUS PW 30
	Ariston ABS VLS PW 30
	Ariston ABS VLS PW 50
	Ariston ABS VLS PW 80
	Ariston ABS VLS PW 100
	Ariston ABS VLS PW 30
	Ariston ABS VLS PW 50
	Ariston ABS VLS PW 80
	Ariston ABS VLS PW 100
	Ariston ABS VLS PREMIUM PW 100
	Ariston ABS VLS PREMIUM PW 80
	Ariston ABS VLS PREMIUM PW 50
	Ariston ABS VLS PREMIUM PW 30
	 
",r,375,,,,,,UAH,,,,шт,,,,http://remza.com.ua/image/cache/import_files/f8/f82671de-6943-11e7-4d83-525400e6264f_c3203c86-b434-11e7-179e-525400e6264f-1280x1024.jpeg,+,,,,,,,,,,http://remza.com.ua/zaphasti_boilerov/termostat_firt/65152258,65152258,,,9029
65151229,Температурный сенсор Ariston ABS VLS PW 65151229 (для 1500W),,"
	Температурный сенсор (термодатчик, датчик температурный) 65151229 для бойлера (водонагревателя) Ariston VELIS моделей ABS VLS PW30, 50PW, 80PW, 100PW для тэна мощностью 1,5 кВт, длина - 300 мм.
	Подходит на модели:
	Ariston ABS VLS INOX PW 30
	Ariston ABS VLS INOX PW 50
	Ariston ABS VLS INOX PW 80
	Ariston ABS VLS INOX PW 100
	Ariston ABS VLS PLUS INOX PW 100
	Ariston ABS VLS PLUS INOX PW 80
	Ariston ABS VLS PLUS INOX PW 50
	Ariston ABS VLS PLUS INOX PW 30
	Ariston ABS VLS PLUS PW 100
	Ariston ABS VLS PLUS PW 80
	Ariston ABS VLS PLUS PW 50
	Ariston ABS VLS PLUS PW 30
	Ariston ABS VLS PW 30
	Ariston ABS VLS PW 50
	Ariston ABS VLS PW 80
	Ariston ABS VLS PW 100
	Ariston ABS VLS PW 30
	Ariston ABS VLS PW 50
	Ariston ABS VLS PW 80
	Ariston ABS VLS PW 100
	Ariston ABS VLS PREMIUM PW 100
	Ariston ABS VLS PREMIUM PW 80
	Ariston ABS VLS PREMIUM PW 50
	Ariston ABS VLS PREMIUM PW 30
",r,175,,,,,,UAH,,,,шт,,,,http://remza.com.ua/image/cache/import_files/f8/f82671c0-6943-11e7-4d83-525400e6264f_c3203c5e-b434-11e7-179e-525400e6264f-1280x1024.jpeg,+,,,,,,,,,,http://remza.com.ua/zaphasti_boilerov/termostat_firt/65151229,65151229,,,9029
65108564,Термостат Ariston 65108564,,"
	Термостат для бойлера (электронагревателя) Ariston ABS PRO ECO электронный TBSE, код 65108564, длина 270 мм, Италия.
",r,850,,,,,,UAH,,,,шт,,,,"http://remza.com.ua/image/cache/import_files/83/833efd06-dd6e-11e2-4b94-0007e96babaa_833efd24-dd6e-11e2-4b94-0007e96babaa-1280x1024.jpeg, http://remza.com.ua/image/cache/import_files/83/833efd06-dd6e-11e2-4b94-0007e96babaa_833efd38-dd6e-11e2-4b94-0007e96babaa-1280x1024.jpeg",+,,,,,,,,,,http://remza.com.ua/zaphasti_boilerov/termostat_firt/termostat_65108564,65108564,,,9029
18141202,"Термостат капиллярный 16A, 90°C 18141202",,"
	Термостат капиллярный (термозащита, термопрерыватель) 18141202. Ток нагрузки 16А, напряжение 250В, температура срабатывания 90°C.
",r,190,,,,,,UAH,,,,шт,,,,"http://remza.com.ua/image/cache/import_files/29/2996c910-6851-11e7-e796-525400e6264f_c9588e5a-c3f2-11e7-c189-525400e6264f-1280x1024.jpeg, http://remza.com.ua/image/cache/import_files/29/2996c910-6851-11e7-e796-525400e6264f_c9588e5b-c3f2-11e7-c189-525400e6264f-1280x1024.jpeg",+,,,,,,,,,,http://remza.com.ua/zaphasti_boilerov/termostat_firt/92cd90,18141202,,,9029
181419,Термостат капиллярный 20A SPC-F,,"Термостат защитный капиллярный 20A, 250V, Toff=95°C для бойлеров (водонагревателей). Производство: Thermowatt Италия.",r,210,,,,,,UAH,,,,шт,,,,http://remza.com.ua/image/cache/import_files/21/21fcded4-7d2a-11e4-f89b-0007e96babaa_e18b1756-8483-11e4-f89b-0007e96babaa-1280x1024.jpeg,+,,,,,,,,,,http://remza.com.ua/zaphasti_boilerov/termostat_firt/spc_f,181419,,,9029
3393,Термостат RECO 20A с ручкой,,"
	Стержневой термостат RECO RTD T-105, 20A, c ручкой, для водонагревателей (бойлеров). Имеет встроенную защиту от перегрева (аварийный отсекатель). Применяется в накопительных электрических водонагревателях различных моделей. Максимальная калибровка термостата 74°С/92°С. Длина стержня 270 мм. С контактами для подключения контрольной лампы индикации работы. Производитель: Италия.
",r,152,,,,,,UAH,,,,шт,,,,http://remza.com.ua/image/cache/import_files/41/41a2624a-bb3e-11e9-1794-52ac00917454_41a2625f-bb3e-11e9-1794-52ac00917454-1280x1024.jpeg,+,,,,,,,,,,http://remza.com.ua/zaphasti_boilerov/termostat_firt/3393,3393,,,9029
3078,Термостат Firt 20A,,"
	Термостат (терморегулятор) управляющий Firt штыревой, круглый, электромеханический предназначен для регулирования температуры нагрева воды в электрических водонагревателях проточно-накопительного действия. Производит включение и отключение нагревательного элемента при достижении заданной температуры нагрева. Снабжен защитой от закипания воды, производит полное отключение нагревательного элемента. Температура вкл./откл. +10о С до +85о С, защитное отключение при 105 С.
	Электрические параметры: 20А, 230- 250В.
",r,150,,,,,,UAH,,,,шт,,,,http://remza.com.ua/image/cache/import_files/bf/bfd4c528-ef8b-11e2-d28c-0007e96babaa_bfd4c546-ef8b-11e2-d28c-0007e96babaa-1280x1024.jpeg,+,,,,,,,,,,http://remza.com.ua/zaphasti_boilerov/termostat_3078,3078,,,9029
2558,Термостат бойлера Ariston TIS T85 (691598),,"
	Термостат бойлера Ariston TIS T85 с функцией защитного отключения при перегреве. Коды взаимозамен датчика температуры (термостата) для водонагревателя Ariston (MTS): 691598, 691662, 691499, 65101079.
	Терморегулятор на 2 контакта,15А, 250V. диапазон настройки: От 20°C до 75°C,температура срабатывания защиты от перегрева: 85°C, высота шпинделя настройки: 10мм, диаметр шпинделя настройки: 6мм. Производство: Италия.
	Подходит для моделей Ariston:
	NTS 10-15, SG 10-15 OR, SG 10-15UR, TI 10-15UR, TI 10-15OR, TI-Shape 10-15OR, TI-Shape 10-15UR.
	Ariston Серия Standard 10-30
	Ariston SG 30 OR
	Ariston NTS 30 (RE)
	Ariston WB 30 OR
	Ariston Ti Shape 30 OR
	Ariston SG 15 OR
	Ariston SG 15 UR
	Ariston NTS 15 (RE)
	Ariston NTS 15 S (RE)
	Ariston WB 15 OR
	Ariston Ti Shape 15 OR
	Ariston Ti Shape 15 UR
	Ariston SG 10 OR
	Ariston SG 10 UR
	Ariston NTS 10 (RE)
	Ariston NTS 10 S (RE)
	Ariston WB 10 OR
	AristonTi Shape 10 OR
	Ariston Ti Shape 10 UR

	Ariston Серия Standard 10-30
	Ariston SG 15 OR
	Ariston SG 15 UR
	Ariston NTS 15 (RE)
	Ariston NTS 15 S (RE)
	Ariston WB 15 OR
	Ariston Ti Shape 15 OR
	Ariston Ti Shape 15 UR
	Ariston SG 10 OR
	Ariston SG 10 UR
	Ariston NTS 10 (RE)
	Ariston NTS 10 S (RE)
	Ariston WB 10 OR
	Ariston Ti Shape 10 OR
	Ariston Ti Shape 10 UR
",r,480,,,,,,UAH,,,,шт,,,,"http://remza.com.ua/image/cache/import_files/b4/b4c12d00-c3dc-11e9-0e9b-52ac00917454_ccc3b3be-c7ea-11e9-9d86-52ac00917454-1280x1024.jpeg, http://remza.com.ua/image/cache/import_files/b4/b4c12d00-c3dc-11e9-0e9b-52ac00917454_ccc3b3c0-c7ea-11e9-9d86-52ac00917454-1280x1024.jpeg, http://remza.com.ua/image/cache/import_files/b4/b4c12d00-c3dc-11e9-0e9b-52ac00917454_ccc3b3bf-c7ea-11e9-9d86-52ac00917454-1280x1024.jpeg",+,,,,,,,,,,http://remza.com.ua/zaphasti_boilerov/termostat_firt/2558,2558,,,9029
2033,"Термостат защитный 16А, 90°C не оригинал",,"
	Термостат защитный (термозащита, термопрерыватель) двух-полюсный биметаллический аварийный на фенопластовой основе с кнопкой ручного включения для водонагревателей Gorenje.Ток нагрузки 16А, напряжение 250В, температура срабатывания 90°C , 1-2: 16(4)A/250V; C-D: 16(4)A/250V, код 482993. Применяется на бойлерах с «сухим» типом тэнов производителей Gorenje и предохраняет тэны от разрыва вследствие их перегрева при поломке электрического термостата регулировки температуры воды. Предохраняет накопительные водонагреватели от перегрева воды, выхода на активное парообразование, покрытые накипью.
",r,135,,,,,,UAH,,,,шт,,,,http://remza.com.ua/image/cache/import_files/bc/bc359333-e936-11e5-b096-525400e6264f_6f18b318-010a-11e8-2c83-525400e6264f-1280x1024.jpeg,+,,,,,,,,,,http://remza.com.ua/zaphasti_boilerov/termostat_firt/2033,2033,,,9029
2032,"Термостат защитный 16A, 80°C не оригинал",,"
	Термостат защитный (термозащита, термопрерыватель) двух-полюсный биметаллический аварийный на фенопластовой основе с кнопкой ручного включения для водонагревателей Gorenje.Ток нагрузки 16А, напряжение 250В, температура срабатывания 80°C, Применяется на бойлерах с «сухим» типом тэнов производителей Gorenje и предохраняет тэны от разрыва вследствие их перегрева при поломке электрического термостата регулировки температуры воды. Предохраняет накопительные водонагреватели от перегрева воды, выхода на активное парообразование, покрытые накипью.
",r,135,,,,,,UAH,,,,шт,,,,http://remza.com.ua/image/cache/import_files/bc/bc35931f-e936-11e5-b096-525400e6264f_6f18b30f-010a-11e8-2c83-525400e6264f-1280x1024.jpeg,+,,,,,,,,,,http://remza.com.ua/zaphasti_boilerov/termostat_firt/2032,2032,,,9029
1630,Термостат RECO 20A,,"
	Стержневой термостат RECO RTM, 20A, (без термозащиты), для водонагревателей (бойлеров), где есть отверстие для терморегулятора (Ariston резьбовой, Thermowatt, либо тэны на круглых и овальных фланцах). Максимальная калибровка термостата 80°С. Длина стержня 270 мм. Производитель: Италия.
",r,90,,,,,,UAH,,,,шт,,,,http://remza.com.ua/image/cache/import_files/60/60a467d4-bb4c-11e9-1794-52ac00917454_60a467e7-bb4c-11e9-1794-52ac00917454-1280x1024.jpeg,+,,,,,,,,,,http://remza.com.ua/zaphasti_boilerov/termostat_firt/1630,1630,,,9029
18,Термостат RECO 20A с термозащитой,,"
	Стержневой термостат (терморегулятор) RECO RTD 7083 для водонагревателей (бойлеров). С максимально допустимой нагрузкой по току 20А со встроенной термозащитой от закипания и выходами под индикаторную лампу. Терморегулятор предназначен для регулировки и поддержания заданной температуры нагрева воды в бойлере, радиаторе и любой другой емкости, где используется ТЭН с местом под терморегулятор.
	Применяется в накопительных электрических водонагревателях различных моделей.
	Параметры:
	Номинальное напряжение: 250В
	Подключение нагрузки (ТЭНа): плоские клеммы 6.3х8.5мм
	Расстояние между клеммами: 28мм
	Длина латунного стержня: 270мм
	Диаметр стержня: 6мм
	Диаметр корпуса: 54мм
	Диапазон регулирования: от +30°C до +80ºC с допуском ±5ºC
	Температурный дифференциал*: 10ºC ±3ºC
	Максимально допустимая температура корпуса термостата: +105ºC
	Температура срабатывания защиты: 83 ±3ºC
	Производитель: RECO (Италия).
",r,145,,,,,,UAH,,,,шт,,,,http://remza.com.ua/image/cache/import_files/60/60a46805-bb4c-11e9-1794-52ac00917454_60a4681a-bb4c-11e9-1794-52ac00917454-1280x1024.jpeg,+,,,,,,,,,,http://remza.com.ua/zaphasti_boilerov/termostat_firt/00018_l,18,,,9029
АРБАТ 350 мм,"Термопара АРБАТ, 350 мм",,"
	Термопара АРБАТ для газового котла Термо L=350 мм
",r,70,,,,,,UAH,,,,шт,,,,http://remza.com.ua/image/cache/import_files/56/56e21e5c-7377-11e2-768a-0007e96babaa_7b335578-73ae-11e2-768a-0007e96babaa-1280x1024.jpeg,+,,,,,,,,,,http://remza.com.ua/zapchasti_dlja_gazovykh_kotlov_kolonok/termopara/termopara_arbat,АРБАТ 350 мм,,,9027
Termopara Universal 120,Термопара универсальная 120 см,,"
	Термопара универсальная для газовых печей и духовок, длина 120 см
",r,150,,,,,,UAH,,,,шт,,,,http://remza.com.ua/image/cache/import_files/3e/3e2c0e05-582b-11e2-8c32-10bf489b8609_3e2c0e07-582b-11e2-8c32-10bf489b8609-1280x1024.jpeg,+,,,,,,,,,,http://remza.com.ua/zapchasti_dlja_gazovykh_kotlov_kolonok/termopara/termopara_univers_120,Termopara Universal 120,,,9027
0.290.098,Термопара 0.290.098,,"
	Термопара 0.290.098 для газовых котлов. Оголовок термопары тип А2. Подсоединение к клапану М10х1 Длинна L=600 мм
",r,155,,,,,,UAH,,,,шт,,,,http://remza.com.ua/image/cache/import_files/dc/dca2abd2-54d8-11e2-4b8c-0007e96babaa_7b33556e-73ae-11e2-768a-0007e96babaa-1280x1024.jpeg,+,,,,,,,,,,http://remza.com.ua/zapchasti_dlja_gazovykh_kotlov_kolonok/termopara/termopara_0290098,0.290.098,,,9027
0.270.408,Термопара 0.270.408,,"
	Термопара 0.270.408 со встроенным термопрерывателем. Оголовок термопары тип А1. Подсоединение к клапану М9х1, с фиксатором. Длинна L=600 мм.
",r,220,,,,,,UAH,,,,шт,,,,http://remza.com.ua/image/cache/import_files/2d/2de50386-7483-11e2-768a-0007e96babaa_2de503cc-7483-11e2-768a-0007e96babaa-1280x1024.jpeg,+,,,,,,,,,,http://remza.com.ua/zapchasti_dlja_gazovykh_kotlov_kolonok/termopara/termopara_0270408,0.270.408,,,9027
0.260.149,Термопара 0.260.149,,"
	Термопара для газовых котлов 0.260.149 , оголовок - А32 , подсоединение к клапану - М8*1 L11 L=600мм
",r,110,,,,,,UAH,,,,шт,,,,http://remza.com.ua/image/cache/import_files/dc/dca2ab78-54d8-11e2-4b8c-0007e96babaa_3fc91fc7-58c4-11e2-8c10-10bf489b8609-1280x1024.jpeg,+,,,,,,,,,,http://remza.com.ua/zapchasti_dlja_gazovykh_kotlov_kolonok/termopara/termopara_0260149,0.260.149,,,9027
0.240.002,Миливольтовый генератор,,"

	Миливольтовый генератор, 0.240.002. Применяется в составе пилотной (запальной) горелки 0.190.604

",r,850,,,,,,UAH,,,,шт,,,,http://remza.com.ua/image/cache/import_files/dc/dca2ad76-54d8-11e2-4b8c-0007e96babaa_3e2c0e00-582b-11e2-8c32-10bf489b8609-1280x1024.jpeg,+,,,,,,,,,,http://remza.com.ua/zapchasti_dlja_gazovykh_kotlov_kolonok/termopara/0240002,0.240.002,,,9027
0.208.002,Термопара 0.208.002,,"

	Термопара 0.208.002 для газовых котлов универсальная  с набором переходников под все возможные подсоединения (М8, М9, М10 и 11/32 ASA). Длинна L=900 мм
",r,110,,,,,,UAH,,,,шт,,,,http://remza.com.ua/image/cache/import_files/dc/dca2abe6-54d8-11e2-4b8c-0007e96babaa_52a64fa2-85b0-11e2-4288-0007e96babaa-1280x1024.jpeg,+,,,,,,,,,,http://remza.com.ua/zapchasti_dlja_gazovykh_kotlov_kolonok/termopara/termopara_0208002,0.208.002,,,9027
0.200.233,Термопара 0.200.233,,"
	Термопара 0.200.233. Оголовок термопары тип А2. Подсоединение к клапану М9х1. Длинна L=600 мм.
",r,145,,,,,,UAH,,,,шт,,,,http://remza.com.ua/image/cache/import_files/b0/b058f414-740e-11e2-768a-0007e96babaa_b058f43c-740e-11e2-768a-0007e96babaa-1280x1024.jpeg,+,,,,,,,,,,http://remza.com.ua/zapchasti_dlja_gazovykh_kotlov_kolonok/termopara/termopara_0200233,0.200.233,,,9027
0.200.170,Термопара 0.200.170,,"

	Термопара 0200170 для газовых котлов , оголовок - А1 , подсоединение к клапану - М10*1 L13 L=750мм

",r,125,,,,,,UAH,,,,шт,,,,http://remza.com.ua/image/cache/import_files/dc/dca2aba0-54d8-11e2-4b8c-0007e96babaa_3fc91fc3-58c4-11e2-8c10-10bf489b8609-1280x1024.jpeg,+,,,,,,,,,,http://remza.com.ua/zapchasti_dlja_gazovykh_kotlov_kolonok/termopara/termopara_0200170,0.200.170,,,9027
0.200.124,Термопара 0.200.124,,"

	Термопара 0.200.124, оголовок термопары тип А1 унифицированный, подсоединение к клапану М8х1 Длинна L=600 мм

",r,110,,,,,,UAH,,,,шт,,,,http://remza.com.ua/image/cache/import_files/dc/dca2acae-54d8-11e2-4b8c-0007e96babaa_3fc91fc6-58c4-11e2-8c10-10bf489b8609-1280x1024.jpeg,+,,,,,,,,,,http://remza.com.ua/zapchasti_dlja_gazovykh_kotlov_kolonok/termopara/termopara_0200124,0.200.124,,,9027
0.200.066,Термопара Каре 600 мм,,"
	Термопара 0.200.066 для газовых котлов с автоматикой Каре. Размер: 600 мм, подсоединение к клапану М10, тип оголовка А3.
",r,110,,,,,,UAH,,,,шт,,,,http://remza.com.ua/image/cache/import_files/0a/0afaa69a-febb-11e4-8e92-0007e96babaa_cfda54be-05ec-11e5-258c-0007e96babaa-1280x1024.jpeg,+,,,,,,,,,,http://remza.com.ua/zapchasti_dlja_gazovykh_kotlov_kolonok/termopara/0_200_066,0.200.066,,,9027
0.200.064,Термопара 0.200.064,,"
	Термопара 0.200.064. Оголовок термопары тип А3. Подсоединение к клапану М10х1. Длинна L=400 мм.
",r,110,,,,,,UAH,,,,шт,,,,http://remza.com.ua/image/cache/import_files/b0/b058f3e2-740e-11e2-768a-0007e96babaa_b058f40a-740e-11e2-768a-0007e96babaa-1280x1024.jpeg,+,,,,,,,,,,http://remza.com.ua/zapchasti_dlja_gazovykh_kotlov_kolonok/termopara/termopara_0200064,0.200.064,,,9027
0.200.064,Термопара Каре 400 мм,,"
	Термопара 0.200.064 для газовых котлов с автоматикой Каре. Размер: 400 мм, подсоединение к клапану М10, тип оголовка А3.
",r,100,,,,,,UAH,,,,шт,,,,http://remza.com.ua/image/cache/import_files/0a/0afaa64a-febb-11e4-8e92-0007e96babaa_cfda5496-05ec-11e5-258c-0007e96babaa-1280x1024.jpeg,+,,,,,,,,,,http://remza.com.ua/zapchasti_dlja_gazovykh_kotlov_kolonok/termopara/0_200_064,0.200.064,,,9027
0.200.052,Термопара 0.200.052,,"
	Термопара 0.200.052. Оголовок термопары тип А3. Подсоединение к клапану М9х1. Длинна L=320 мм.
",r,60,,,,,,UAH,,,,шт,,,,http://remza.com.ua/image/cache/import_files/b0/b058f3b0-740e-11e2-768a-0007e96babaa_b058f3d8-740e-11e2-768a-0007e96babaa-1280x1024.jpeg,+,,,,,,,,,,http://remza.com.ua/zapchasti_dlja_gazovykh_kotlov_kolonok/termopara/termopara_0200052,0.200.052,,,9027
0.200.046,Термопара 0.200.046,,"

	Термопара 0.200.046 для газовых котлов , оголовок - А3 с нарезкой , подсоединение к клапану - М8*1 L11 L=850мм

",r,125,,,,,,UAH,,,,шт,,,,http://remza.com.ua/image/cache/import_files/dc/dca2ab8c-54d8-11e2-4b8c-0007e96babaa_3fc91fc8-58c4-11e2-8c10-10bf489b8609-1280x1024.jpeg,+,,,,,,,,,,http://remza.com.ua/zapchasti_dlja_gazovykh_kotlov_kolonok/termopara/termopara_0200046,0.200.046,,,9027
0.200.025,Термопара 0.200.025,,"

	Термопара 0200025 для газовых котлов , оголовок - А1  , подсоединение к клапану - М10*1 L10 L=400мм

",r,110,,,,,,UAH,,,,шт,,,,http://remza.com.ua/image/cache/import_files/dc/dca2abbe-54d8-11e2-4b8c-0007e96babaa_3fc91fc5-58c4-11e2-8c10-10bf489b8609-1280x1024.jpeg,+,,,,,,,,,,http://remza.com.ua/zapchasti_dlja_gazovykh_kotlov_kolonok/termopara/termopara_%200200025,0.200.025,,,9027
0.200.024,Термопара 0.200.024,,"
	Термопара 0.200.024. Оголовок термопары тип А1. Подсоединение к клапану М10х1. Длинна L=320 мм.
",r,125,,,,,,UAH,,,,шт,,,,http://remza.com.ua/image/cache/import_files/b0/b058f37e-740e-11e2-768a-0007e96babaa_b058f3a6-740e-11e2-768a-0007e96babaa-1280x1024.jpeg,+,,,,,,,,,,http://remza.com.ua/zapchasti_dlja_gazovykh_kotlov_kolonok/termopara/termopara_0200024%20,0.200.024,,,9027
0.200.009,Термопара 0.200.009,,"

	Термопара 0.200.009 для газовых котлов , оголовок - А1  , подсоединение к клапану - М9*1 L13.5 L=600мм

",r,95,,,,,,UAH,,,,шт,,,,http://remza.com.ua/image/cache/import_files/dc/dca2abb4-54d8-11e2-4b8c-0007e96babaa_3fc91fc4-58c4-11e2-8c10-10bf489b8609-1280x1024.jpeg,+,,,,,,,,,,http://remza.com.ua/zapchasti_dlja_gazovykh_kotlov_kolonok/termopara/termopara_0200009,0.200.009,,,9027
0.200.003,Термопара 0.200.003,,"
	Термопара 0.200.003. Оголовок термопары тип А1. Подсоединение к клапану М9х1. Длинна L=320 мм.
",r,95,,,,,,UAH,,,,шт,,,,http://remza.com.ua/image/cache/import_files/b0/b058f338-740e-11e2-768a-0007e96babaa_b058f374-740e-11e2-768a-0007e96babaa-1280x1024.jpeg,+,,,,,,,,,,http://remza.com.ua/zapchasti_dlja_gazovykh_kotlov_kolonok/termopara/termopara_0200003%20,0.200.003,,,9027
1391,Термопара Honeywell Q335C 1023B,,"
	Термопара автоматики Honeywell Q335C 1023B для газовых котлов. Длина L=900 мм, резьба подсоединение к клапану М8х1, штуцер оголовка с резьбой 11х32"",
",r,145,,,,,,UAH,,,,шт,,,,http://remza.com.ua/image/cache/import_files/79/79fc85e8-c580-11e7-278b-525400e6264f_2a316a00-c897-11e7-7786-525400e6264f-1280x1024.jpeg,+,,,,,,,,,,http://remza.com.ua/zapchasti_dlja_gazovykh_kotlov_kolonok/termopara/01391,1391,,,9027
ТАМ 145,"Термостат ТАМ 145 2,5м",,"
	Термостат (регулятор температуры) ТАМ 145 для холодильников. Длина капилляра 2,5м.
",r,115,,,,,,UAH,,,,шт,,,,http://remza.com.ua/image/cache/import_files/63/63336379-69c3-11e6-a697-525400e6264f_aa0a2df0-0f59-11e8-5084-52ac00917454-1280x1024.jpeg,+,,,,,,,,,,http://remza.com.ua/zapchasti_dlya_holod/termostat-dlya-holod/termostat_tam_145,ТАМ 145,,,9006
ТАМ 133,Термостат ТАМ 133,,"Термостат (регулятор температуры) ТАМ 133 для двухкамерных холодильников. Отвечает за включение и отключение холодильника при намораживании. Капиляр терморегулятора заводится в морозильную камеру. Длина капиляра - 1.3 метра, +4,5/-26 +4,5/-13° C, 3 контакта.",r,90,,,,,,UAH,,,,шт,,,,"http://remza.com.ua/image/cache/import_files/1e/1e76da02-66cb-11e7-d889-525400e6264f_e5d29b60-e5ae-11e7-809a-525400e6264f-1280x1024.jpeg, http://remza.com.ua/image/cache/import_files/1e/1e76da02-66cb-11e7-d889-525400e6264f_e5d29b61-e5ae-11e7-809a-525400e6264f-1280x1024.jpeg",+,,,,,,,,,,http://remza.com.ua/zapchasti_dlya_holod/termostat-dlya-holod/termostat_tam_133,ТАМ 133,,,9006
ТАМ 113-1,Термостат ТАМ 113-1,,"Термостат (регулятор температуры) воздушный ТАМ 113-1 для холодильников. Длина капиляра 2 метра, -20/-5° C, 4 контакта. Предназначен для контроля, сигнализации и автоматического двухпозиционного регулирования температуры газообразных и жидких сред (воздух, хладоны, масла и др.) в промышленных холодильных установках. 
Терморегуляторы ТАМ-113
Температурные характеристики:
ТАМ-113-1	-5..........-20
ТАМ-113-2	-10.......+10
ТАМ-113-3	+5........+15
ТАМ-113-4	-15.......+5.",r,135,,,,,,UAH,,,,шт,,,,"http://remza.com.ua/image/cache/import_files/b4/b4b7fff4-e0bb-11e7-1085-525400e6264f_e5d29b7e-e5ae-11e7-809a-525400e6264f-1280x1024.jpeg, http://remza.com.ua/image/cache/import_files/b4/b4b7fff4-e0bb-11e7-1085-525400e6264f_e5d29b7f-e5ae-11e7-809a-525400e6264f-1280x1024.jpeg",+,,,,,,,,,,http://remza.com.ua/zapchasti_dlya_holod/termostat-dlya-holod/termostat_tam_113,ТАМ 113-1,,,9006
K59-P1686,Термостат K59-P1686 Ranco,,"
	Tермостат (терморегулятор) K59-P1686 Ranco для холодильников. Длина капилляра 1,3 м. Аналог отечественного терморегулятора ТАМ133 (1,3). Подходит на все 2-х камерные холодильники отечественного производства кроме: Стинол (К-59/2,5/), Ока-6, а так же в холодильниках с внутренним расположения терморегулятора. t° от -10°C до +4°C.
",r,128,,,,,,UAH,,,,шт,,,,http://remza.com.ua/image/cache/import_files/30/300e0392-9bc3-11e4-a187-0007e96babaa_aa0a2de5-0f59-11e8-5084-52ac00917454-1280x1024.jpeg,+,,,,,,,,,,http://remza.com.ua/zapchasti_dlya_holod/termostat-dlya-holod/k59_p1686,K59-P1686,,,9006
K50,Термостат К50 P1477,,"Оригинальный термостат К50 P1477 на однокамерный холодильник. Длинна капилляра 0,9 м. Термостат К50 аналог ТАМ112. Производитель: Италия Ranco. Применяеться в холодильниках: Свияга, Норд, Полюс, Минск (5,6,10,11,12,16), Ока-6, Ока-6м, Атлант (КШ 212, КШ 216, КШ355, КШ 357, КШ 4665, КШ 4667 и др.)",r,150,,,,,,UAH,,,,шт,,,,http://remza.com.ua/image/cache/import_files/7c/7c86a1aa-e24e-11e7-d09a-525400e6264f_e5d29b92-e5ae-11e7-809a-525400e6264f-1280x1024.jpeg,+,,,,,,,,,,http://remza.com.ua/zapchasti_dlya_holod/termostat-dlya-holod/t50,K50,,,9006
DA47-10158H,Термостат No Frost Samsung DA47-10158H,,"Оригинальный термостат (терморегулятор) No Frost  WPF25N-001-222 код DA47-10158H для морозильной камеры холодильников Samsung. L= 0,65 м, 125V/250V, 6A/4A, 50/60Hz. ",r,465,,,,,,UAH,,,,шт,,,,http://remza.com.ua/image/cache/import_files/a4/a4f60578-1716-11e5-978c-0007e96babaa_a4f605c8-1716-11e5-978c-0007e96babaa-1280x1024.jpeg,+,,,,,,,,,,http://remza.com.ua/zapchasti_dlya_holod/termostat-dlya-holod/da47_10158h,DA47-10158H,,,9006
DA47-10107Z,Термостат No Frost Samsung DA47-10107Z,,"Оригинальный термостат (терморегулятор) No Frost PFN–C174S–03EB-5 код DA47 - 10107Z (DA47 - 10107R) для морозильной камеры холодильников Samsung. L= 0,32 м, 125V/250V, -22.5, -16.5. Подходит к следующим моделям холодильников:   
RT30GCMB1, RT30GCMG2, RT30GCSS1, RT30GCSW2, RT34GCMB1, RT34GCMG2, RT34GCSS1, RT34GCSW2, RT37GCMB1, RT37GCMG2, RT37GCSS1, RT37GCSW2, RT37GCTS.",r,475,,,,,,UAH,,,,шт,,,,http://remza.com.ua/image/cache/import_files/a4/a4f60492-1716-11e5-978c-0007e96babaa_a4f604d8-1716-11e5-978c-0007e96babaa-1280x1024.jpeg,+,,,,,,,,,,http://remza.com.ua/zapchasti_dlya_holod/termostat-dlya-holod/da47_10107z,DA47-10107Z,,,9006
DA47-10107W,Термостат No Frost Samsung DA47-10107W,,"Оригинальный термостат (терморегулятор) No Frost BU-A233 код DA47 - 10107W для морозильной камеры холодильников Samsung. L= 0,25 м, 125V/250V, 6A/4A. ",r,285,,,,,,UAH,,,,шт,,,,http://remza.com.ua/image/cache/import_files/a4/a4f60500-1716-11e5-978c-0007e96babaa_a4f60550-1716-11e5-978c-0007e96babaa-1280x1024.jpeg,+,,,,,,,,,,http://remza.com.ua/zapchasti_dlya_holod/termostat-dlya-holod/da47_10107w,DA47-10107W,,,9006
DA47-10107U,Термостат No Frost Samsung DA47-10107U,,"Оригинальный термостат (терморегулятор) No Frost PFN–C174S–03ED код DA47 - 10107U для морозильной камеры холодильников Samsung. L= 0,33 м, 125V/250V. Подходит к следующим моделям холодильников:                                                                                                                                              RT25BVMS1/XEK, RT25BVPW1/XEK, RT25CVMS1/XEK, RT25CVPW1/XEK, RT25DVMS1/XEK, RT25DVPW1/XEK, RT29BVMS1/BWT, RT29BVMS1/XEK, RT29BVPW1/BWT, RT29BVPW1/XEK, RT29CVMS1/XEK, RT29CVPW1/XEK, RT29DVMS1/XEK, RT29DVPW1/XEK, RT35BVMS1/BWT, RT35BVMS1/XEK, RT35BVPW1/BWT, RT35BVPW1/XEK, RT35CVMS1/XEK, RT35CVPW1/XEK, RT35DVMS1/XEK, RT35DVPW1/XEK, RT38BVMS1/BWT, RT38BVMS1/XEK, RT38BVPW1/BWT, RT38BVPW1/XEK, RT38CVMS1/XEK, RT38CVPW1/XEK, RT38DVMS1/XEK.",r,550,,,,,,UAH,,,,шт,,,,http://remza.com.ua/image/cache/import_files/a4/a4f603ca-1716-11e5-978c-0007e96babaa_a4f6041a-1716-11e5-978c-0007e96babaa-1280x1024.jpeg,+,,,,,,,,,,http://remza.com.ua/zapchasti_dlya_holod/termostat-dlya-holod/da47_10107u,DA47-10107U,,,9006
DA47-00149B,Терморегулятор No Frost Samsung DA47-00149B,,"Терморегулятор (термостат) No Frost Samsung DA47 - 00149B (холодильная камера). L= 0,65м.",r,990,,,,,,UAH,,,,шт,,,,http://remza.com.ua/image/cache/import_files/62/627e7eb8-310c-11e5-7586-0007e96babaa_627e7f08-310c-11e5-7586-0007e96babaa-1280x1024.jpeg,+,,,,,,,,,,http://remza.com.ua/zapchasti_dlya_holod/termostat-dlya-holod/da47_00149b,DA47-00149B,,,9006
C00289013,Термостат Indesit ТАМ-135 C00289013,,"
	Термостат (терморегулятор) ТАМ-135 код C00289013 для холодильника Indesit, Ariston, Stinol. Оригинал. Производитель: Indesit . Описание: W16002691300, длина капилляра 2,5 м. Подходит к моделям: BI18NFL BI18NFS BIA161NF BIA16NF BIA16NFS BIA16NFX BIA181NF BIA18NF BIA18NFXH BIA20NF BIA20NFS BIAA16NFUA BIAA18NFH BIAA18NFUA BIAA20NFUA ECF1814L ECF2014L ECF2014XL HBM1180.3F HBM1180.3NF HBM1181.2F HBM1181.2NF HBM1181.3F HBM1181.3NF HBM1181.3NFH HBM1181.3SNF HBM1181.3SNFH HBM1181.3XNF HBM1181.4F HBM1181.4XNFH HBM1182.2NFUA HBM1201.3SFH HBM1201.3SNFH HBM1201.4F HBM1201.4FH HBM1201.4NF HBM1201.4NFH HBM1201.4XF HBM1202.4MNFH IBF181 IBF181S NB18.LFNF NB18FNFS NBA161FNF NBA16FNF NBA16FNFS NBA181FNF NBA18FNF NBA18FNFNXH NBA20FNF NBA20FNFS RMB1185.1F RMB1185.1SF RMB1185.1XF RMB1185.LF RMB11852F RMBA1167F RMBA1185.1CRFH RMBA1185.1F RMBA1185.1SBFH.
",r,355,,,,,,UAH,,,,шт,,,,"http://remza.com.ua/image/cache/import_files/8b/8bd3c0dc-5a07-11e6-208e-525400e6264f_aa0a2dd2-0f59-11e8-5084-52ac00917454-1280x1024.jpeg, http://remza.com.ua/image/cache/import_files/8b/8bd3c0dc-5a07-11e6-208e-525400e6264f_aa0a2dda-0f59-11e8-5084-52ac00917454-1280x1024.jpeg",+,,,,,,,,,,http://remza.com.ua/zapchasti_dlya_holod/termostat-dlya-holod/c00289013,C00289013,,,9006
122,Термостат ТАМ-112-1М,,"Термостат ТАМ-112-1М для холодильников однокамерной конструкции. Термореле отличается высокой надежностью и точностью в показаниях, а его универсальные характеристики позволяют применять термостат ТАМ-112-1М для большинства популярных марок холодильного оборудования. Длина капилляра 0,8 м, температурный режим от -14°C до -7°C, номинальное напряжение 250 Вольт, максимальный ток на контактах  6 А, Отвечает за включение и отключение холодильника при намораживании.",r,85,,,,,,UAH,,,,шт,,,,http://remza.com.ua/image/cache/import_files/62/627e7e22-310c-11e5-7586-0007e96babaa_627e7e68-310c-11e5-7586-0007e96babaa-1280x1024.jpeg,+,,,,,,,,,,http://remza.com.ua/zapchasti_dlya_holod/termostat-dlya-holod/122,122,,,9006
1106,Термостат W 4/2 Atea AS 4.21,,"
	Tермостат для холодильника W 4/2 ATEA AS 4.2. Длина капилляра L=2000 мм, (-2-9 ;-17-25), italy.
",r,255,,,,,,UAH,,,,шт,,,,http://remza.com.ua/image/cache/import_files/b5/b563a2f0-ea02-11e2-d28c-0007e96babaa_b563a30e-ea02-11e2-d28c-0007e96babaa-1280x1024.jpeg,+,,,,,,,,,,http://remza.com.ua/zapchasti_dlya_holod/termostat-dlya-holod/termostat_1106,1106,,,9006
1104,Термостат K59-L2122 Ranco,,"Термостат (регулятор температуры) K59-L2122 Ranco для холодильников, italy. Отвечает за включение и отключение холодильника при намораживании. Капиляр терморегулятора заводится в морозильную камеру. Длина капиляра - 1.2 метра. Номинальное напряжение 250 Вт, Максимальный ток на контактах 6А. Максимальная температура 36С, минимальная- 6С.",r,160,,,,,,UAH,,,,шт,,,,http://remza.com.ua/image/cache/import_files/fd/fdb8ff62-eb9e-11e2-d28c-0007e96babaa_fdb8ff8a-eb9e-11e2-d28c-0007e96babaa-1280x1024.jpeg,+,,,,,,,,,,http://remza.com.ua/zapchasti_dlya_holod/termostat-dlya-holod/termostat_k59_l2122,1104,,,9006
14523,Термостат ТАМ 145 2м,,"
	Термостат (регулятор температуры) ТАМ 145 для холодильников. Длина капилляра 2 м.
",r,100,,,,,,UAH,,,,шт,,,,http://remza.com.ua/image/cache/import_files/e0/e01acb94-8e69-11e9-d392-52ac00917454_1d4f9887-9756-11e9-6a91-52ac00917454-1280x1024.jpeg,+,,,,,,,,,,http://remza.com.ua/zapchasti_dlya_holod/termostat-dlya-holod/14523,14523,,,9006
14513,"Термостат ТАМ 145-1,3м",,"
	Термостат (регулятор температуры) ТАМ 145 для холодильников. Длинна капилляра 1,3 м.
",r,85,,,,,,UAH,,,,шт,,,,http://remza.com.ua/image/cache/import_files/84/84a7005f-6e1a-11e8-9c9d-52ac00917454_341009fe-7f9a-11e8-b792-52ac00917454-1280x1024.jpeg,+,,,,,,,,,,http://remza.com.ua/zapchasti_dlya_holod/termostat-dlya-holod/14513,14513,,,9006
1916,Термостат Indesit К59-Q1916-000 C00851154,,"
	Термостат Indesit К59-Q1916-000 C00851154 для холодильника.
",r,185,,,,,,UAH,,,,шт,,,,http://remza.com.ua/image/cache/import_files/1e/1e76da3e-66cb-11e7-d889-525400e6264f_aa0a2dc7-0f59-11e8-5084-52ac00917454-1280x1024.jpeg,+,,,,,,,,,,http://remza.com.ua/zapchasti_dlya_holod/termostat-dlya-holod/1916,1916,,,9006
1275,Термостат К59 L1275,,"
	Термостат (регулятор температуры) К59 L1275 для двухкамерных холодильников Stinol, Atlant, Indesit, Ariston и др. арт. C00851096. Аналог терморегулятора  ATEA A13 0763.

	Взаимозаменяем с DANFOSS 077B6496 (2,5) и отечественным ТАМ133-1М (2,5).

	Длина капиллярной (сильфонной) трубки - 2.5 метра.

	Сильфонная трубка покрыта виниловой оболочкой.

	Подходит на все 2-х, 3-х камерные холодильники отечественного и импортного производства.
t° от -13,5°C до +4°C
",r,138,,,,,,UAH,,,,шт,,,,http://remza.com.ua/image/cache/import_files/34/346a2448-a6b6-11e6-3e8c-525400e6264f_aa0a2dbc-0f59-11e8-5084-52ac00917454-1280x1024.jpeg,+,,,,,,,,,,http://remza.com.ua/zapchasti_dlya_holod/termostat-dlya-holod/1275,1275,,,9006
1099,Термостат Ranco VS5 Р1102 (K-54),,"Термостат (регулятор температуры) Ranco VS5 Р1102  (K-54) для холодильников, коричневый , для 2-х камерного холодильника. Отвечает за включение и отключение холодильника при намораживании. Капиляр терморегулятора заводится в морозильную камеру. Длина капиляра - 1.3 метра. Номинальное напряжение 250 Вт, 3 контакта.
H (On/Off) -25°C / -30°C (Установка на максимум)
T (On/Off) -12°C/ -16,5°C (Установка на минимум)",r,150,,,,,,UAH,,,,шт,,,,http://remza.com.ua/image/cache/import_files/22/222e283e-434d-11e6-4587-525400e6264f_222e2850-434d-11e6-4587-525400e6264f-1280x1024.jpeg,+,,,,,,,,,,http://remza.com.ua/zapchasti_dlya_holod/termostat-dlya-holod/1099,1099,,,9006
